Subsample Barcode,Notes,BirdID,Project,Fate,Phase,CollYear,CollMonth,CollDay,Sex,Age,WeightNE,DigestivTrLength (SI+LI+2xceca),Gut - rectum (SI),Caecum,ceca/weight,ceca/Gut length,Notes
22_LM_C_0331,1,LM-07-001,Health,Krufning,early,2007,10,1,F,J,399,179,,42,10.53,23.46,
22_LM_C_0360,1,LM-07-002,Health,Krufning,early,2007,10,1,F,J,419,163,,37,8.83,22.70,
22_LM_C_0366,1,LM-07-003,Health,Krufning,early,2007,10,1,F,J,457.96,156,,34.5,7.53,22.12,
22_LM_C_0292,1,LM-07-004,Health,Krufning,early,2007,10,1,F,J,462.91,174,,40.5,8.75,23.28,
22_LM_C_0363,1,LM-07-005,Health,Krufning,early,2007,10,1,F,J,452.14,170,,40,8.85,23.53,
22_LM_C_0295,2,LM-07-006,Health,Krufning,early,2007,10,1,F,J,445.09,160,,35,7.86,21.88,
22_LM_C_0310,1,LM-07-008,Health,Krufning,early,2007,10,2,F,J,465.52,180.5,,42,9.02,23.27,
22_LM_C_0334,1,LM-07-009,Health,Krufning,early,2007,10,2,M,J,525.76,173,,41,7.80,23.70,
22_LM_C_0314,1,LM-07-010,Health,Krufning,early,2007,10,2,F,J,455.83,186,,46.5,10.20,25.00,
22_LM_C_0326,1,LM-07-012,Health,Krufning,early,2007,10,2,F,A,453,159,,36,7.95,22.64,
22_LM_C_0319,1,LM-07-013,Health,Krufning,early,2007,10,1,M,A,515.44,167,,37,7.18,22.16,
22_LM_C_0270,1,LM-07-016,Health,Krufning,early,2007,10,2,M,A,522.8,166.5,,37.5,7.17,22.52,
22_LM_C_0312,2,LM-07-018,Health,Krufning,early,2007,10,1,M,J,495.72,180,,41.5,8.37,23.06,
22_LM_C_0293,2,LM-07-019,Health,Krufning,early,2007,10,2,M,J,468.24,172,,40,8.54,23.26,
22_LM_C_0254,1,LM-07-020,Health,Krufning,early,2007,10,2,M,J,502,184,,42.5,8.47,23.10,
22_LM_C_0365,1,LM-07-021,Health,Krufning,early,2007,10,2,M,J,513.21,193,,45.5,8.87,23.58,
22_LM_C_0349,1,LM-07-024,Health,Krufning,early,2007,10,1,F,J,489.34,183,,45,9.20,24.59,
22_LM_C_0304,1,LM-07-025,Health,Krufning,early,2007,10,1,F,A,477.47,172,,38,7.96,22.09,
22_LM_C_0284,1,LM-07-027,Health,Krufning,early,2007,10,1,F,J,472.4,180,,43,9.10,23.89,
22_LM_C_0303,1,LM-07-028,Health,Krufning,early,2007,10,1,F,J,502.84,186,,41,8.15,22.04,
22_LM_C_0298,1,LM-07-029,Health,Krufning,early,2007,10,2,M,J,522.93,182,,42,8.03,23.08,
22_LM_C_0325,1,LM-07-032,Health,Krufning,early,2007,10,1,M,J,457,177,,41.5,9.08,23.45,
22_LM_C_0328,,LM-07-036,Health,Krufning,early,2007,10,1,M,A,553,180,,41,7.41,22.78,
22_LM_C_0352,2,LM-07-040,Health,Krufning,early,2007,10,2,F,J,471,186,,45,9.55,24.19,
22_LM_C_0327,1,LM-07-041,Health,Krufning,early,2007,10,1,F,A,472.48,178,,40,8.47,22.47,
22_LM_C_0329,1,LM-07-042,Health,Krufning,early,2007,10,1,F,A,462.37,164,,36,7.79,21.95,
22_LM_C_0350,,LM-07-043,Health,Krufning,early,2007,10,1,F,J,449.34,182,,41,9.12,22.53,
22_LM_C_0305,1,LM-07-044,Health,Krufning,early,2007,10,1,M,J,536.25,187,,42,7.83,22.46,
22_LM_C_0362,1,LM-07-045,Health,Krufning,early,2007,10,1,M,J,528.83,176,,38,7.19,21.59,
22_LM_C_0307,2,LM-07-047,Health,Krufning,early,2007,10,2,F,J,447,171,,40,8.95,23.39,
22_LM_C_0299,2,LM-07-050,Health,Krufning,early,2007,10,3,F,A,486,170,,39,8.02,22.94,
22_LM_C_0282,1,LM-07-051,Health,Krufning,early,2007,10,2,F,J,479,173,,38,7.93,21.97,
22_LM_C_0361,3,LM-07-052,Health,Krufning,early,2007,10,2,M,J,487.61,186,,44,9.02,23.66,
22_LM_C_0297,1,LM-07-054,Health,Krufning,early,2007,10,3,M,J,511.8,185,,42,8.21,22.70,
22_LM_C_0359,2,LM-07-056,Health,Krufning,early,2007,10,3,F,J,486.38,183,,42,8.64,22.95,
22_LM_C_0289,1,LM-07-060,Health,Krufning,early,2007,10,3,M,A,516.38,170,,39,7.55,22.94,
22_LM_C_0355,1,LM-07-061,Health,Krufning,early,2007,10,2,M,J,506.14,191,,44.5,8.79,23.30,
22_LM_C_0356,1,LM-07-062,Health,Krufning,early,2007,10,2,M,A,525,190,,44,8.38,23.16,
22_LM_C_0294,2,LM-07-066,Health,Krufning,early,2007,10,3,F,J,486.33,170.5,,39.5,8.12,23.17,
22_LM_C_0346,1,LM-07-069,Health,Krufning,early,2007,10,3,M,J,491,172,,40.5,8.25,23.55,
22_LM_C_0269,1,LM-07-070,Health,Krufning,early,2007,10,4,M,A,488.22,162,,37,7.58,22.84,
22_LM_C_0342,1,LM-07-071,Health,Krufning,early,2007,10,3,M,J,469,173,,40,8.53,23.12,
22_LM_C_0343,2,LM-07-073,Health,Krufning,early,2007,10,3,F,J,472.71,183,,41.5,8.78,22.68,
22_LM_C_0351,1,LM-07-085,Health,Krufning,early,2007,10,3,M,J,517,194,,47,9.09,24.23,
22_LM_C_0311,2,LM-07-087,Health,Krufning,early,2007,10,3,F,J,468,176,,42,8.97,23.86,
22_LM_C_0300,1,LM-07-089,Health,Krufning,early,2007,10,3,M,A,495,172,,39,7.88,22.67,
22_LM_C_0322,1,LM-07-091,Health,Krufning,early,2007,10,3,M,J,510,166,,39.5,7.75,23.80,
22_LM_C_0315,1,LM-07-092,Health,Krufning,early,2007,10,3,M,J,549.18,164,,35.5,6.46,21.65,
22_LM_C_0255,1,LM-07-094,Health,Krufning,early,2007,10,3,F,J,414.78,169,,37,8.92,21.89,
22_LM_C_0332,1,LM-07-095,Health,Krufning,early,2007,10,3,M,J,469.94,188,,46,9.79,24.47,
22_LM_C_0281,1,LM-07-096,Health,Krufning,early,2007,10,3,M,J,502.64,184,,43,8.55,23.37,
22_LM_C_0353,3,LM-07-099,Health,Krufning,early,2007,10,3,F,J,471,181,,41.5,8.81,22.93,
22_LM_C_0335,1,LM-07-103,Health,Krufning,early,2007,10,3,M,A,545.77,175,,38,6.96,21.71,
22_LM_C_0337,2,LM-07-106,Health,Krufning,early,2007,10,3,M,J,567.71,187,,44,7.75,23.53,
22_LM_C_0336,3,LM-07-108,Health,Krufning,early,2007,10,3,M,J,497.32,186,,43,8.65,23.12,
22_LM_C_0333,1,LM-07-109,Health,Krufning,early,2007,10,3,F,J,465.18,179,,41,8.81,22.91,
22_LM_C_0358,1,LM-07-110,Health,Krufning,early,2007,10,3,M,J,445.38,167,,38.5,8.64,23.05,
22_LM_C_0306,1,LM-07-111,Health,Krufning,early,2007,10,3,F,J,488.99,179,,43.5,8.90,24.30,
22_LM_C_0283,1,LM-07-115,Health,Krufning,early,2007,10,3,M,A,532,181,,41,7.71,22.65,
22_LM_C_0313,2,LM-07-118,Health,Krufning,early,2007,10,3,M,J,499.6,186,,44.5,8.91,23.92,
22_LM_C_0291,,LM-07-119,Health,Krufning,early,2007,10,3,M,A,560,171.5,,35.5,6.34,20.70,
22_LM_C_0338,2,LM-07-121,Health,Krufning,early,2007,10,3,F,J,469,172,,38.5,8.21,22.38,
22_LM_C_0345,1,LM-07-125,Health,Krufning,early,2007,10,4,M,A,522,173,,38.5,7.38,22.25,
22_LM_C_0320,3,LM-07-142,Health,Krufning,early,2007,10,4,F,J,490.54,184,,43.5,8.87,23.64,
22_LM_C_0339,1,LM-07-145,Health,Krufning,early,2007,10,4,M,J,512,178,,40,7.81,22.47,
22_LM_C_0354,2,LM-07-146,Health,Krufning,early,2007,10,4,M,A,510.16,158,,33.5,6.57,21.20,
22_LM_C_0285,2,LM-07-151,Health,Krufning,late,2007,11,2,F,A,454.57,167,,39,8.58,23.35,
22_LM_C_0348,1,LM-07-152,Health,Krufning,late,2007,11,2,F,A,519.46,188,,44.5,8.57,23.67,
22_LM_C_0309,2,LM-07-153,Health,Krufning,late,2007,11,2,F,A,464.05,180.5,,43,9.27,23.82,
22_LM_C_0344,2,LM-07-154,Health,Krufning,late,2007,11,2,F,A,432.15,171,,40.5,9.37,23.68,
22_LM_C_0347,1,LM-07-155,Health,Krufning,late,2007,11,4,F,A,496.65,176,,41.5,8.36,23.58,
22_LM_C_0301,1,LM-07-156,Health,Krufning,late,2007,11,4,F,A,460,181,,44.5,9.67,24.59,
22_LM_C_0330,1,LM-07-157,Health,Krufning,late,2007,11,3,M,A,502,179,,43,8.57,24.02,
22_LM_C_0288,3,LM-07-158,Health,Krufning,late,2007,11,3,F,A,473.76,191,,45.5,9.60,23.82,
22_LM_C_0324,1,LM-07-159,Health,Krufning,late,2007,11,3,M,A,480.4,186,,45,9.37,24.19,
22_LM_C_0323,1,LM-07-160,Health,Krufning,late,2007,11,4,F,A,440.24,189,,47,10.68,24.87,
22_LM_C_0302,1,LM-07-161,Health,Krufning,late,2007,11,2,M,A,533.64,180,,42.5,7.96,23.61,
22_LM_C_0318,3,LM-07-162,Health,Krufning,late,2007,11,4,M,A,510.32,194,,46.5,9.11,23.97,
22_LM_C_0287,3,LM-07-163,Health,Krufning,late,2007,11,4,F,A,492.02,187,,44,8.94,23.53,
22_LM_C_0308,3,LM-07-164,Health,Krufning,late,2007,11,4,F,A,453.8,177,,42,9.26,23.73,
22_LM_C_0290,2,LM-07-165,Health,Krufning,late,2007,11,4,M,A,505.42,174,,40,7.91,22.99,
22_LM_C_0296,1,LM-07-166,Health,Krufning,late,2007,11,3,F,A,493.72,186,,43,8.71,23.12,
22_LM_C_0317,1,LM-07-167,Health,Krufning,late,2007,11,4,F,A,487.83,184,,42.5,8.71,23.10,
22_LM_C_0316,1,LM-07-168,Health,Krufning,late,2007,11,3,M,A,488.77,173,,39.5,8.08,22.83,
22_LM_C_0271,1,LM-07-169,Health,Krufning,late,2007,11,3,M,A,537.23,174,,38.5,7.17,22.13,
22_LM_C_0340,1,LM-07-170,Health,Krufning,late,2007,11,3,F,A,490,184,,43.5,8.88,23.64,
22_LM_C_0357,3,LM-07-171,Health,Krufning,late,2007,11,3,F,A,475.66,194,,46,9.67,23.71,
22_LM_C_0341,1,LM-07-172,Health,Krufning,late,2007,11,2,F,A,429.01,207,,51,11.89,24.64,
22_LM_C_0321,1,LM-07-173,Health,Krufning,late,2007,11,3,F,A,488.06,180,,44,9.02,24.44,
22_LM_C_0046,,LM-08-002,Health,Krufning,early,2008,10,2,F,J,464.42,191,,46,9.90,24.08,
22_LM_C_0039,,LM-08-004,Health,Krufning,early,2008,10,2,F,J,479.36,192,,46,9.60,23.96,
22_LM_C_0053,,LM-08-005,Health,Krufning,early,2008,10,2,M,J,452.43,,,,,,
22_LM_C_0082,,LM-08-006,Health,Krufning,early,2008,10,3,F,J,438.44,184,,43,9.81,23.37,
22_LM_C_0024,,LM-08-007,Health,Krufning,early,2008,10,3,M,J,530,190,,44,8.30,23.16,
22_LM_C_0012,,LM-08-008,Health,Krufning,early,2008,10,3,M,J,541.07,171,,40,7.39,23.39,
22_LM_C_0034,,LM-08-009,Health,Krufning,early,2008,10,3,M,A,585.46,,,,,,
22_LM_C_0063,,LM-08-015,Health,Krufning,early,2008,10,3,M,J,501,172,,40,7.98,23.26,
22_LM_C_0068,,LM-08-018,Health,Krufning,early,2008,10,3,M,J,550.78,186,,41,7.44,22.04,
22_LM_C_0019,,LM-08-019,Health,Krufning,early,2008,10,3,M,A,550.44,180,,40,7.27,22.22,
22_LM_C_0090,,LM-08-020,Health,Krufning,early,2008,10,4,M,A,476.34,174,,38,7.98,21.84,
22_LM_C_0031,,LM-08-022,Health,Krufning,early,2008,10,5,F,J,536.65,,,,,,
22_LM_C_0029,,LM-08-023,Health,Krufning,early,2008,10,4,M,A,551.1,,,,,,
22_LM_C_0059,,LM-08-024,Health,Krufning,early,2008,10,5,M,J,474.56,173,,37,7.80,21.39,
22_LM_C_0072,,LM-08-031,Health,Krufning,early,2008,10,3,M,J,486,183,,43,8.85,23.50,
22_LM_C_0049,,LM-08-033,Health,Krufning,early,2008,10,3,M,J,559.57,182,,42,7.51,23.08,
22_LM_C_0067,,LM-08-035,Health,Krufning,early,2008,10,5,F,A,486.99,178,,39,8.01,21.91,
22_LM_C_0093,Previously 22_LM_C_0040,LM-08-041,Health,Krufning,early,2008,10,2,M,A,522.69,178,,39,7.46,21.91,Previously 22_LM_C_0040
22_LM_C_0051,,LM-08-043,Health,Krufning,early,2008,10,2,M,J,449.63,186,,43,9.56,23.12,
22_LM_C_0041,,LM-08-044,Health,Krufning,early,2008,10,2,F,J,518.31,181,,39,7.52,21.55,
22_LM_C_0060,,LM-08-045,Health,Krufning,early,2008,10,2,M,J,509,203,,48,9.43,23.65,
22_LM_C_0075,,LM-08-051,Health,Krufning,early,2008,10,4,M,J,512.35,200,,48,9.37,24.00,
22_LM_C_0065,Dry cecum,LM-08-052,Health,Krufning,early,2008,10,4, ,J,525,189,,40,7.62,21.16,Dry cecum
22_LM_C_0022,,LM-08-053,Health,Krufning,early,2008,10,4,M,J,516,182,,42,8.14,23.08,
22_LM_C_0018,,LM-08-054,Health,Krufning,early,2008,10,4,F,J,476.38,184,,42,8.82,22.83,
22_LM_C_0010,,LM-08-055,Health,Krufning,early,2008,10,4,M,A,522.8,170,,36,6.89,21.18,
22_LM_C_0061,,LM-08-057,Health,Krufning,early,2008,10,4,F,J,486.83,191,,43,8.83,22.51,
22_LM_C_0030,,LM-08-058,Health,Krufning,early,2008,10,4,M,A,559.74,,,,,,
22_LM_C_0013,,LM-08-059,Health,Krufning,early,2008,10,5,M,J,535,196,,46,8.60,23.47,
22_LM_C_0084,,LM-08-062,Health,Krufning,early,2008,10,3,F,A,458.5,178,,38,8.29,21.35,
22_LM_C_0035,,LM-08-063,Health,Krufning,early,2008,10,3,F,J,521.97,197,,45,8.62,22.84,
22_LM_C_0055,,LM-08-065,Health,Krufning,early,2008,10,4,F,A,511.75,179,,42,8.21,23.46,
22_LM_C_0052,,LM-08-066,Health,Krufning,early,2008,10,4,F,J,425.77,188,,44,10.33,23.40,
22_LM_C_0011,,LM-08-071,Health,Krufning,early,2008,10,3,M,A,513,180,,38,7.41,21.11,
22_LM_C_0094,,LM-08-072,Health,Krufning,early,2008,10,3,F,A,514.52,187,,43,8.36,22.99,
22_LM_C_0023,,LM-08-073,Health,Krufning,early,2008,10,3,F,J,482.95,186,,42,8.70,22.58,
22_LM_C_0025,,LM-08-074,Health,Krufning,early,2008,10,3,M,A,542.36,,,,,,
22_LM_C_0047,,LM-08-075,Health,Krufning,early,2008,10,3,M,J,473.77,188,,43,9.08,22.87,
22_LM_C_0056,,LM-08-077,Health,Krufning,early,2008,10,3,M,J,548,193,,47,8.58,24.35,
22_LM_C_0071,,LM-08-078,Health,Krufning,early,2008,10,3,F,A,476.75,176,,40,8.39,22.73,
22_LM_C_0037,,LM-08-079,Health,Krufning,early,2008,10,3,M,J,483.72,184,,41,8.48,22.28,
22_LM_C_0062,,LM-08-081,Health,Krufning,early,2008,10,3,F,J,517.5,190,,44,8.50,23.16,
22_LM_C_0042,,LM-08-082,Health,Krufning,early,2008,10,3,M,J,531,181,,41,7.72,22.65,
22_LM_C_0036,,LM-08-083,Health,Krufning,early,2008,10,3,F,J,474.03,184,,43,9.07,23.37,
22_LM_C_0015,,LM-08-084,Health,Krufning,early,2008,10,3,F,J,454.07,191,,44,9.69,23.04,
22_LM_C_0095,,LM-08-085,Health,Krufning,early,2008,10,4,M,A,522.96,171,,37,7.08,21.64,
22_LM_C_0057,,LM-08-086,Health,Krufning,early,2008,10,4,F,A,521.01,170,,34,6.53,20.00,
22_LM_C_0020,,LM-08-087,Health,Krufning,early,2008,10,4,F,J,460.65,196,,45,9.77,22.96,
22_LM_C_0083,,LM-08-095,Health,Krufning,early,2008,10,3,M,J,497.39,196,,45,9.05,22.96,
22_LM_C_0069,,LM-08-096,Health,Krufning,early,2008,10,4,F,A,500.48,172,,38,7.59,22.09,
22_LM_C_0076,,LM-08-100,Health,Krufning,early,2008,10,3,F,A,468.56,,,,,,
22_LM_C_0058,,LM-08-111,Health,Krufning,early,2008,10,4,F,A,492,174,,39,7.93,22.41,
22_LM_C_27,,LM-08-112,Health,Krufning,early,2008,10,4,F,J,478.46,,,,,,
22_LM_C_0028,,LM-08-113,Health,Krufning,early,2008,10,4,M,A,549.66,,,,,,
22_LM_C_0092,,LM-08-115,Health,Krufning,early,2008,10,4,F,A,497.06,191,,44,8.85,23.04,
22_LM_C_0073,,LM-08-116,Health,Krufning,early,2008,10,4,F,A,509,177,,36,7.07,20.34,
22_LM_C_0026,,LM-08-117,Health,Krufning,early,2008,10,4,F,J,506.5,,,,,,
22_LM_C_0032,,LM-08-118,Health,Krufning,early,2008,10,4,M,J,564.05,195,,42,7.45,21.54,
22_LM_C_0045,,LM-08-120,Health,Krufning,early,2008,10,5,M,J,502.28,,,,,,
22_LM_C_0048,,LM-08-123,Health,Krufning,early,2008,10,5,M,J,568.97,194,,46,8.08,23.71,
22_LM_C_0033,,LM-08-124,Health,Krufning,early,2008,10,5,F,J,494.19,,,,,,
22_LM_C_0043,Dry sandy cecum contents,LM-08-125,Health,Krufning,early,2008,10,5,M,J,521.44,185,,42,8.05,22.70,Dry sandy cecum contents
22_LM_C_0064,,LM-08-133,Health,Krufning,early,2008,10,4,M,J,487.36,195,,46,9.44,23.59,
22_LM_C_0066,,LM-08-136,Health,Krufning,early,2008,10,4,F,J,471.32,191,,45,9.55,23.56,
22_LM_C_0038,,LM-08-137,Health,Krufning,early,2008,10,4,F,J,457.69,186,,43,9.40,23.12,
22_LM_C_0070,,LM-08-138,Health,Krufning,early,2008,10,4,M,A,510.05,179,,38,7.45,21.23,
22_LM_C_0050,,LM-08-140,Health,Krufning,early,2008,10,5,F,J,499.05,195,,44,8.82,22.56,
22_LM_C_0009,,LM-08-025,Health,Krufning,late,2008,11,2,M,A,622.04,191,,43,6.91,22.51,
22_LM_C_0054,,LM-08-026,Health,Krufning,late,2008,11,1,F,A,485.29,193,,45,9.27,23.32,
22_LM_C_0086,,LM-08-027,Health,Krufning,late,2008,11,2,M,A,516.21,191,,44,8.52,23.04,
22_LM_C_0001,,LM-08-028,Health,Krufning,late,2008,11,2,M,A,527.19,211,,49,9.29,23.22,
22_LM_C_0077,,LM-08-029,Health,Krufning,late,2008,11,2,F,A,468.04,184,,43,9.19,23.37,
22_LM_C_0074,,LM-08-030,Health,Krufning,late,2008,11,2,M,A,533,178,,41,7.69,23.03,
22_LM_C_0016,,LM-08-036,Health,Krufning,late,2008,11,2,M,A,513.24,192,,44,8.57,22.92,
22_LM_C_0017,,LM-08-037,Health,Krufning,late,2008,11,2,F,A,456.53,180,,41,8.98,22.78,
22_LM_C_0085,,LM-08-038,Health,Krufning,late,2008,11,8,M,A,541.01,191,,44,8.13,23.04,
22_LM_C_0096,,LM-08-039,Health,Krufning,late,2008,11,8,F,A,495.09,184,,41,8.28,22.28,
22_LM_C_0021,,LM-08-040,Health,Krufning,late,2008,11,8,F,A,528.99,177,,38,7.18,21.47,
22_LM_C_0014,,LM-08-064,Health,Krufning,late,2008,11,6,F,A,472.34,185,,42,8.89,22.70,
22_LM_C_0044,"Dry, sandy cecum",LM-08-080,Health,Krufning,late,2008,11,6,F,A,493.74,200,,47,9.52,23.50,"Dry, sandy cecum"
22_LM_C_0003,,LM-08-101,Health,Krufning,late,2008,11,8,F,A,469.38,175,,41,8.73,23.43,
22_LM_C_0087,1,LM-08-102,Health,Krufning,late,2008,11,7,M,A,532,187,,45,8.46,24.06,1
22_LM_C_0078,,LM-08-103,Health,Krufning,late,2008,11,6,M,A,549.82,190,,47,8.55,24.74,
22_LM_C_0158,2,LM-09-001,Health,Krufning,early,2009,10,1,F,J,479.67,182,,41,8.55,22.53,2
22_LM_C_0106,,LM-09-002,Health,Krufning,early,2009,10,1,M,J,519.98,200,,47,9.04,23.50,
22_LM_C_0173,1,LM-09-004,Health,Krufning,early,2009,10,1,F,J,483.03,200,,48,9.94,24.00,1
22_LM_C_0175,1,LM-09-005,Health,Krufning,early,2009,10,1,F,J,476.38,189,,42,8.82,22.22,1
22_LM_C_0121 ,,LM-09-006,Health,Krufning,early,2009,10,1,M,J,549.67,199,,47,8.55,23.62,
22_LM_C_0126,,LM-09-007,Health,Krufning,early,2009,10,1,M,J,540.71,193,,44,8.14,22.80,
22_LM_C_0176,1,LM-09-008,Health,Krufning,early,2009,10,1,M,J,506.24,186,,40,7.90,21.51,1
22_LM_C_0159,1,LM-09-009,Health,Krufning,early,2009,10,1,M,J,565.4,193,,41,7.25,21.24,1
22_LM_C_0160,2,LM-09-010,Health,Krufning,early,2009,10,1,M,J,524.13,181,,42,8.01,23.20,2
22_LM_C_0170,3,LM-09-011,Health,Krufning,early,2009,10,1,M,J,521.94,180,,39,7.47,21.67,3
22_LM_C_0167,3,LM-09-012,Health,Krufning,early,2009,10,1,M,J,507.41,199,,48,9.46,24.12,3
22_LM_C_0169,3,LM-09-013,Health,Krufning,early,2009,10,1,M,J,514.48,197,,45,8.75,22.84,3
22_LM_C_0097,,LM-09-022,Health,Krufning,early,2009,10,4,M,A,514.2,181,,42,8.17,23.20,
22_LM_C_0128,,LM-09-026,Health,Krufning,early,2009,10,4,M,A,581.84,189,,43,7.39,22.75,
22_LM_C_0110,,LM-09-032,Health,Krufning,early,2009,10,4,F,A,486.23,171,,38,7.82,22.22,
22_LM_C_0161,3,LM-09-034,Health,Krufning,early,2009,10,4,F,J,452.14,190,,43,9.51,22.63,3
22_LM_C_0129,,LM-09-036,Health,Krufning,early,2009,10,5,M,A,509.35,174,,38,7.46,21.84,
22_LM_C_0174,1,LM-09-039,Health,Krufning,early,2009,10,6,M,A,539.8,173,,40,7.41,23.12,1
22_LM_C_0108,,LM-09-043,Health,Krufning,early,2009,10,2,F,J,488.97,192,,43,8.79,22.40,
22_LM_C_0113,,LM-09-044,Health,Krufning,early,2009,10,2,F,A,516.82,191,,41,7.93,21.47,
22_LM_C_0162,2,LM-09-045,Health,Krufning,early,2009,10,2,F,J,482.96,196,,45,9.32,22.96,2
22_LM_C_0104,,LM-09-046,Health,Krufning,early,2009,10,2,M,J,539.5,193,,44,8.16,22.80,
22_LM_C_0118,,LM-09-047,Health,Krufning,early,2009,10,2,F,J,460.14,190,,45,9.78,23.68,
22_LM_C_0177,2,LM-09-048,Health,Krufning,early,2009,10,2,M,J,512.8,178,,41,8.00,23.03,2
22_LM_C_0178,1,LM-09-051,Health,Krufning,early,2009,10,3,F,J,415.68,189,,42,10.10,22.22,1
22_LM_C_0179,2,LM-09-052,Health,Krufning,early,2009,10,3,M,J,541.75,177,,41,7.57,23.16,2
22_LM_C_0153,1,LM-09-053,Health,Krufning,early,2009,10,3,M,J,513.86,186,,42,8.17,22.58,1
22_LM_C_0152,1,LM-09-054,Health,Krufning,early,2009,10,4,F,J,523.81,191,,44,8.40,23.04,1
22_LM_C_0103,,LM-09-055,Health,Krufning,early,2009,10,4,F,J,561.39,201,,47,8.37,23.38,
22_LM_C_0119,,LM-09-056,Health,Krufning,early,2009,10,5,M,A,552.38,190,,44,7.97,23.16,
22_LM_C_0117,,LM-09-058,Health,Krufning,early,2009,10,5,F,J,512.6,194,,45,8.78,23.20,
22_LM_C_0120,,LM-09-069,Health,Krufning,early,2009,10,6,M,A,532.19,183,,43,8.08,23.50,
22_LM_C_0164,3,LM-09-071,Health,Krufning,early,2009,10,3,F,J,491.29,192,,45,9.16,23.44,3
22_LM_C_0156,2,LM-09-072,Health,Krufning,early,2009,10,3,M,J,552.66,185,,45,8.14,24.32,2
22_LM_C_0166,2,LM-09-073,Health,Krufning,early,2009,10,3,M,J,522.08,186,,42,8.04,22.58,2
22_LM_C_0163,1,LM-09-077,Health,Krufning,early,2009,10,4,M,A,538.43,196,,47,8.73,23.98,1
22_LM_C_0165,1,LM-09-078,Health,Krufning,early,2009,10,4,M,A,536.9,179,,37,6.89,20.67,1
22_LM_C_0114,,LM-09-081,Health,Krufning,early,2009,10,2,F,A,512.23,179,,42,8.20,23.46,
22_LM_C_0157,1,LM-09-085,Health,Krufning,early,2009,10,3,F,J,474.89,190,,44,9.27,23.16,1
22_LM_C_0137,3,LM-09-087,Health,Krufning,early,2009,10,3,F,J,480.24,197,,46,9.58,23.35,3
22_LM_C_0127,,LM-09-088,Health,Krufning,early,2009,10,3,M,A,518.71,157,,33,6.36,21.02,
22_LM_C_0125,,LM-09-089,Health,Krufning,early,2009,10,3,M,J,540.74,200,,47,8.69,23.50,
22_LM_C_0105,,LM-09-090,Health,Krufning,early,2009,10,3,M,J,491.26,190,,40,8.14,21.05,
22_LM_C_0180,3,LM-09-092,Health,Krufning,early,2009,10,3,F,J,442.59,199,,47,10.62,23.62,3
22_LM_C_0130,,LM-09-093,Health,Krufning,early,2009,10,3,M,J,499.91,194,,45,9.00,23.20,
22_LM_C_0100,,LM-09-099,Health,Krufning,early,2009,10,4,M,J,543.8,198,,45,8.28,22.73,
22_LM_C_0172,3,LM-09-103,Health,Krufning,early,2009,10,2,M,A,510.35,181,,38,7.45,20.99,3
22_LM_C_0171,3,LM-09-104,Health,Krufning,early,2009,10,2,F,J,537.59,204,,45,8.37,22.06,3
22_LM_C_0115,,LM-09-105,Health,Krufning,early,2009,10,3,F,A,490.48,183,,39,7.95,21.31,
22_LM_C_0155,1,LM-09-106,Health,Krufning,early,2009,10,3,M,J,515.49,201,,50,9.70,24.88,1
22_LM_C_0138,2,LM-09-107,Health,Krufning,early,2009,10,3,M,J,513.23,179,,41,7.99,22.91,2
22_LM_C_0008,,LM-09-108,Health,Krufning,early,2009,10,4,M,A,516.77,173,,37,7.16,21.39,
22_LM_C_0007,,LM-09-109,Health,Krufning,early,2009,10,4,F,A,510.35,188,,41,8.03,21.81,
22_LM_C_0154,3,LM-09-122,Health,Krufning,early,2009,10,6,F,J,477.84,204,,47,9.84,23.04,3
22_LM_C_0099,,LM-09-127,Health,Krufning,early,2009,10,6,M,A,573.72,176,,36,6.27,20.45,
22_LM_C_0142,2,LM-09-128,Health,Krufning,early,2009,10,7,F,J,488.59,189,,41,8.39,21.69,2
22_LM_C_0004,,LM-09-134,Health,Krufning,early,2009,10,5,F,J,445.63,191,,44,9.87,23.04,
22_LM_C_0147,1,LM-09-137,Health,Krufning,early,2009,10,5,F,J,417.19,173,,37,8.87,21.39,1
22_LM_C_0136,1,LM-09-138,Health,Krufning,early,2009,10,5,F,J,485.8,189,,46,9.47,24.34,1
22_LM_C_0135,1,LM-09-139,Health,Krufning,early,2009,10,5,F,J,482.85,179,,41,8.49,22.91,1
22_LM_C_0107,,LM-09-140,Health,Krufning,early,2009,10,5,F,J,490.28,187,,42,8.57,22.46,
22_LM_C_0146,,LM-09-142,Health,Krufning,early,2009,10,5,M,J,514.4,187,,43,8.36,22.99,
22_LM_C_0134,1,LM-09-143,Health,Krufning,early,2009,10,5,M,J,556.61,198,,45,8.08,22.73,1
22_LM_C_0144,1,LM-09-144,Health,Krufning,early,2009,10,5,F,J,558.91,204,,49,8.77,24.02,1
22_LM_C_0148,2,LM-09-146,Health,Krufning,early,2009,10,7,M,J,550.24,201,,47,8.54,23.38,2
22_LM_C_0145,,LM-09-147,Health,Krufning,early,2009,10,7,M,J,541.88,199,,47,8.67,23.62,
22_LM_C_0139,2,LM-09-154,Health,Krufning,early,2009,10,7,F,J,444.17,205,,45,10.13,21.95,2
22_LM_C_0081,,LM-09-165,Health,Krufning,early,2009,10,6,F,A,551.18,178,,40,7.26,22.47,
22_LM_C_0151,2,LM-09-166,Health,Krufning,early,2009,10,6,M,A,539.92,174,,40,7.41,22.99,2
22_LM_C_0006,,LM-09-114,Health,Krufning,late,2009,11,1,F,A,455.87,177,,40,8.77,22.60,
22_LM_C_0133,1,LM-09-115,Health,Krufning,late,2009,10,31,F,A,462.95,181,,41,8.86,22.65,1
22_LM_C_0132,1,LM-09-116,Health,Krufning,late,2009,11,1,F,A,476.58,178,,40,8.39,22.47,1
22_LM_C_0109,,LM-09-117,Health,Krufning,late,2009,10,31,M,A,504.45,190,,43,8.52,22.63,
22_LM_C_0111,,LM-09-118,Health,Krufning,late,2009,10,31,M,A,529.75,203,,50,9.44,24.63,
22_LM_C_0005,,LM-09-119,Health,Krufning,late,2009,11,1,F,A,495.69,189,,47,9.48,24.87,
22_LM_C_0143,2,LM-09-120,Health,Krufning,late,2009,10,30,F,A,429.65,178,,39,9.08,21.91,2
22_LM_C_0141,1,LM-09-155,Health,Krufning,late,2009,10,30,F,A,449.74,182,,41,9.12,22.53,1
22_LM_C_0131,1,LM-09-156,Health,Krufning,late,2009,11,1,F,A,449.77,184,,44,9.78,23.91,1
22_LM_C_0140,1,LM-09-157,Health,Krufning,late,2009,11,1,F,A,480.56,184,,40,8.32,21.74,1
22_LM_C_0080,,LM-09-158,Health,Krufning,late,2009,11,1,F,A,458.62,193,,44,9.59,22.80,
22_LM_C_0079,,LM-09-159,Health,Krufning,late,2009,11,1,F,A,479.63,183,,44,9.17,24.04,
22_LM_C_0150,2,LM-09-160,Health,Krufning,late,2009,11,1,F,A,448.18,177,,40,8.92,22.60,2
22_LM_C_0098,,LM-09-168,Health,Krufning,late,2009,10,30,M,A,502.53,179,,42,8.36,23.46,
22_LM_C_0149,2,LM-09-169,Health,Krufning,late,2009,11,1,F,A,458.61,191,,45,9.81,23.56,2
22_LM_C_0089,,LM-09-170,Health,Krufning,late,2009,11,1,F,A,433.75,178,,41,9.45,23.03,
22_LM_C_0088,,LM-09-171,Health,Krufning,late,2009,11,1,F,A,453.44,190,,43,9.48,22.63,
22_LM_C_0116,,LM-09-172,Health,Krufning,late,2009,11,1,M,A,495.09,193,,46,9.29,23.83,
22_LM_C_0112,,LM-09-173,Health,Krufning,late,2009,11,1,M,A,532.69,188,,44,8.26,23.40,
22_LM_C_0102,,LM-09-174,Health,Krufning,late,2009,10,30,M,A,560.38,197,,47,8.39,23.86,
22_LM_C_0101,,LM-09-175,Health,Krufning,late,2009,10,30,M,A,512.47,201,,47,9.17,23.38,
22_LM_C_0275,1,LM-10-001,Health,Krufning,early,2010,10,1,M,J,397.57,176,86,40,10.06,22.73,
22_LM_C_0204,,LM-10-011,Health,Krufning,early,2010,10,1,M,J,511.94,190,95,42,8.20,22.11,
22_LM_C_0217,1,LM-10-012,Health,Krufning,early,2010,10,1,F,J,427.98,175,89,37,8.65,21.14,1
22_LM_C_0183,1,LM-10-013,Health,Krufning,early,2010,10,1,F,A,523.5,195,88,47,8.98,24.10,1
22_LM_C_0272,1,LM-10-018,Health,Krufning,early,2010,10,1,F,J,470.15,184,86,43,9.15,23.37,
22_LM_C_0199,1,LM-10-023,Health,Krufning,early,2010,10,1,M,J,534.97,202,103,43,8.04,21.29,1
22_LM_C_0253,,LM-10-024,Health,Krufning,early,2010,10,1,M,J,519.27,194,94,44,8.47,22.68,
22_LM_C_0280,1,LM-10-027,Health,Krufning,early,2010,10,1,F,J,458.51,187,92,42,9.16,22.46,
22_LM_C_0232,2,LM-10-031,Health,Krufning,early,2010,10,2,F,J,451.13,210,107,46,10.20,21.90,2
22_LM_C_0181,1,LM-10-032,Health,Krufning,early,2010,10,2,F,A,503.3,183,92,40,7.95,21.86,1
22_LM_C_0218,1,LM-10-034,Health,Krufning,early,2010,10,2,F,J,382.07,189,95,41,10.73,21.69,1
22_LM_C_0219,1,LM-10-038,Health,Krufning,early,2010,10,2,M,J,498.06,170,85,37,7.43,21.76,1
22_LM_C_0194,1,LM-10-040,Health,Krufning,early,2010,10,2,F,A,517.23,185,97,38,7.35,20.54,1
22_LM_C_0286,2,LM-10-045,Health,Krufning,early,2010,10,2,M,A,583.56,190,93,42,7.20,22.11,
22_LM_C_0188,1,LM-10-048,Health,Krufning,early,2010,10,3,M,J,486.73,187,90,43,8.83,22.99,1
22_LM_C_0260,1,LM-10-049,Health,Krufning,early,2010,10,3,M,J,476.73,195,94,44,9.23,22.56,
22_LM_C_0265,3,LM-10-051,Health,Krufning,early,2010,10,3,M,A,540.02,174,84,38,7.04,21.84,
22_LM_C_0267,1,LM-10-053,Health,Krufning,early,2010,10,5,F,J,450.89,177,93,36,7.98,20.34,
22_LM_C_0230,,LM-10-054,Health,Krufning,early,2010,10,5,F,J,486.14,182,94,38,7.82,20.88,
22_LM_C_0279,1,LM-10-055,Health,Krufning,early,2010,10,5,M,J,543.76,191,92,43,7.91,22.51,1
22_LM_C_0198,1,LM-10-058,Health,Krufning,early,2010,10,6,M,J,493.25,185,89,43,8.72,23.24,1
22_LM_C_0277,1,LM-10-059,Health,Krufning,early,2010,10,6,F,J,434.89,181,86,42,9.66,23.20,
22_LM_C_0223,1,LM-10-061,Health,Krufning,early,2010,10,2,F,A,469.42,177,88,39,8.31,22.03,
22_LM_C_0245,,LM-10-065,Health,Krufning,early,2010,10,3,F,J,412,166,81,37,8.98,22.29,
22_LM_C_0202,1,LM-10-066,Health,Krufning,early,2010,10,3,M,A,551.19,173,90,35,6.35,20.23,1 - Very little material in gut left
22_LM_C_0239,2,LM-10-067,Health,Krufning,early,2010,10,3,F,J,429.26,164,81,36,8.39,21.95,
22_LM_C_0240,1,LM-10-068,Health,Krufning,early,2010,10,3,M,J,547.12,187,95,40,7.31,21.39,
22_LM_C_0220,1,LM-10-069,Health,Krufning,early,2010,10,3,M,A,520.13,,,,,,
22_LM_C_0228,,LM-10-071,Health,Krufning,early,2010,10,2,F,J,461,183,93,39,8.46,21.31,
22_LM_C_0233,2,LM-10-074,Health,Krufning,early,2010,10,2,F,J,401.04,178,86,40,9.97,22.47,2
22_LM_C_0231,,LM-10-075,Health,Krufning,early,2010,10,2,M,J,512.04,183,89,40,7.81,21.86,
22_LM_C_0273,1,LM-10-079,Health,Krufning,early,2010,10,3,M,J,465.63,188,86,45,9.66,23.94,
22_LM_C_0195,1,LM-10-085,Health,Krufning,early,2010,10,2,F,A,475.2,172,85,37,7.79,21.51,1
22_LM_C_0263,2,LM-10-091,Health,Krufning,early,2010,10,3,M,J,475.94,174,86,39,8.19,22.41,
22_LM_C_0258,,LM-10-093,Health,Krufning,early,2010,10,3,M,J,540.42,184,88,42,7.77,22.83,
22_LM_C_0261,2,LM-10-094,Health,Krufning,early,2010,10,3,F,J,440.13,163,83,34,7.72,20.86,
22_LM_C_0186,1,LM-10-097,Health,Krufning,early,2010,10,3,M,J,491.1,190,92,43,8.76,22.63,1
22_LM_C_0262,2,LM-10-099,Health,Krufning,early,2010,10,3,F,A,508.52,169,83,37,7.28,21.89,
22_LM_C_0241,1,LM-10-100,Health,Krufning,early,2010,10,4,M,J,496.71,181,92,39,7.85,21.55,
22_LM_C_0122 ,,LM-10-102,Health,Krufning,early,2010,10,2,F,J,465.1,187,95,40,8.60,21.39,
22_LM_C_0192,1,LM-10-107,Health,Krufning,early,2010,10,2,F,J,470.26,188,95,41,8.72,21.81,1
22_LM_C_0278,1,LM-10-119,Health,Krufning,early,2010,10,2,M,A,522.24,156,80,32,6.13,20.51,
22_LM_C_0244,1,LM-10-122,Health,Krufning,early,2010,10,2,M,J,486.63,172,88,36,7.40,20.93,
22_LM_C_0224,1,LM-10-124,Health,Krufning,early,2010,10,2,M,A,496,158,80,34,6.85,21.52,
22_LM_C_0243,1,LM-10-131,Health,Krufning,early,2010,10,2,M,A,537.44,,,,,,
22_LM_C_0168,,LM-10-134,Health,Krufning,early,2010,10,2,M,J,468.19,198,93,46,9.83,23.23,
22_LM_C_0242,1,LM-10-136,Health,Krufning,early,2010,10,2,M,A,503.08,178,87,39,7.75,21.91,
22_LM_C_0221,1,LM-10-137,Health,Krufning,early,2010,10,4,F,J,503.2,177,88,39,7.75,22.03,
22_LM_C_0266,,LM-10-139,Health,Krufning,early,2010,10,4,M,A,525.95,164,85,34,6.46,20.73,
22_LM_C_0276,2,LM-10-140,Health,Krufning,early,2010,10,4,M,A,476.88,166,85,35,7.34,21.08,
22_LM_C_0222,1,LM-10-141,Health,Krufning,early,2010,10,4,M,A,507,175,86,39,7.69,22.29,
22_LM_C_0200,1,LM-10-142,Health,Krufning,early,2010,10,4,M,A,539,190,96,41,7.61,21.58,1
22_LM_C_0268,1,LM-10-143,Health,Krufning,early,2010,10,4,F,A,498,183,91,40,8.03,21.86,
22_LM_C_0238,1,LM-10-191,Health,Krufning,early,2010,10,3,F,J,489.23,,,,,,
22_LM_C_0246,,LM-10-199,Health,Krufning,early,2010,10,3,F,J,439.95,173,82,40,9.09,23.12,
22_LM_C_0256,,LM-10-200,Health,Krufning,early,2010,10,3,M,A,482.94,170,86,36,7.45,21.18,
22_LM_C_0203,2,LM-10-202,Health,Krufning,early,2010,10,3,M,J,472,179,97,35,7.42,19.55,2
22_LM_C_0225,1,LM-10-204,Health,Krufning,early,2010,10,3,M,J,517.95,163,92,30,5.79,18.40,
22_LM_C_0207,1,LM-10-207,Health,Krufning,early,2010,10,3,M,A,560,172,83,39,6.96,22.67,
22_LM_C_0184,1,LM-10-208,Health,Krufning,early,2010,10,4,F,A,477.93,165,85,34,7.11,20.61,1
22_LM_C_0259,1,LM-10-211,Health,Krufning,early,2010,10,4,F,J,440,172,85,39,8.86,22.67,
22_LM_C_0227,2,LM-10-215,Health,Krufning,early,2010,10,4,F,J,435,173,86,38,8.74,21.97,2
22_LM_C_0124,1,LM-10-218,Health,Krufning,early,2010,10,4,M,A,496,174,87,38,7.66,21.84,1
22_LM_C_0201,3,LM-10-220,Health,Krufning,early,2010,10,4,F,J,392.93,194,90,46,11.71,23.71,3 - very little material left
22_LM_C_0236,1,LM-10-222,Health,Krufning,early,2010,10,4,M,A,481.04,154,80,32,6.65,20.78,1
22_LM_C_0237,1,LM-10-223,Health,Krufning,early,2010,10,4,M,J,504.21,177,82,42,8.33,23.73,
22_LM_C_0229,2,LM-10-225,Health,Krufning,early,2010,10,5,M,A,540,179,91,37,6.85,20.67,2
22_LM_C_0252,,LM-10-226,Health,Krufning,early,2010,10,5,F,J,479.93,179,92,39,8.13,21.79,
22_LM_C_0185,1,LM-10-229,Health,Krufning,early,2010,10,5,F,J,465.58,177,86,40,8.59,22.60,1
22_LM_C_0274,1,LM-10-241,Health,Krufning,early,2010,10,4,M,J,501,162,82,35,6.99,21.60,
22_LM_C_0190,1,LM-10-243,Health,Krufning,early,2010,10,4,M,A,490.05,145,75,30,6.12,20.69,1
22_LM_C_0208,1,LM-10-251,Health,Krufning,early,2010,10,5,F,J,472.51,188,94,42,8.89,22.34,
22_LM_C_0250,,LM-10-257,Health,Krufning,early,2010,10,5,F,J,463.08,193,89,46,9.93,23.83,
22_LM_C_0226,,LM-10-258,Health,Krufning,early,2010,10,5,F,A,424.26,,,,,,
22_LM_C_0251,,LM-10-259,Health,Krufning,early,2010,10,5,M,J,490.58,185,93,40,8.15,21.62,
22_LM_C_0212,2,LM-10-265,Health,Krufning,early,2010,10,5,M,A,528.25,165,80,37,7.00,22.42,2
22_LM_C_0209,1,LM-10-268,Health,Krufning,early,2010,10,5,M,J,533.67,200,99,45,8.43,22.50,1
22_LM_C_0247,3,LM-10-270,Health,Krufning,early,2010,10,5,M,J,500.55,178,88,39,7.79,21.91,
22_LM_C_0248,,LM-10-271,Health,Krufning,early,2010,10,5,M,A,497.33,150,78,31,6.23,20.67,
22_LM_C_0264,3,LM-10-272,Health,Krufning,early,2010,10,6,M,A,514.37,189,90,43,8.36,22.75,
22_LM_C_0193,,LM-10-274,Health,Krufning,early,2010,10,6,F,A,468,180,85,41,8.76,22.78,
22_LM_C_0191,1,LM-10-284,Health,Krufning,early,2010,10,5,M,A,514.55,183,91,40,7.77,21.86,1
22_LM_C_0189,1,LM-10-285,Health,Krufning,early,2010,10,5,M,A,490,169,84,37,7.55,21.89,1
22_LM_C_0215,1,LM-10-288,Health,Krufning,early,2010,10,6,F,J,458.91,194,97,43,9.37,22.16,1
22_LM_C_0234,2,LM-10-289,Health,Krufning,early,2010,10,6,F,J,469.85,165,84,35,7.45,21.21,2
22_LM_C_0123,1,LM-10-291,Health,Krufning,early,2010,10,6,M,A,504,180,84,42,8.33,23.33,1
22_LM_C_0187,1,LM-10-292,Health,Krufning,early,2010,10,6,M,A,501.47,179,93,37,7.38,20.67,1
22_LM_C_0235,1,LM-10-293,Health,Krufning,early,2010,10,6,M,A,530.69,165,83,35,6.60,21.21,1
22_LM_C_0214,1,LM-10-295,Health,Krufning,early,2010,10,6,F,A,503.5,192,94,43,8.54,22.40,1
22_LM_C_0210,2,LM-10-304,Health,Krufning,early,2010,10,6,F,J,477.35,171,86,37,7.75,21.64,2
22_LM_C_0206,1,LM-10-306,Health,Krufning,early,2010,10,6,F,J,489.68,189,104,36,7.35,19.05,1
22_LM_C_0211,2,LM-10-307,Health,Krufning,early,2010,10,6,M,A,539.37,183,90,40,7.42,21.86,2
22_LM_C_0205,1,LM-10-310,Health,Krufning,early,2010,10,6,M,J,491.08,178,87,40,8.15,22.47,
22_LM_C_0182,1,LM-10-324,Health,Krufning,early,2010,10,6,F,J,429.93,164,83,35,8.14,21.34,1
22_LM_C_0213,1,LM-10-326,Health,Krufning,early,2010,10,6,M,J,509.21,188,86,45,8.84,23.94,1
22_LM_C_0216,2,LM-10-327,Health,Krufning,early,2010,10,6,M,J,484.47,205,100,47,9.70,22.93,2
22_LM_C_0399,1,LM-11-001,Health,Krufning,early,2011,10,1,M,J,492.35,183.5,92,40,8.12,21.80,
22_LM_C_002,1,LM-11-002,Health,Krufning,early,2011,10,1,M,J,480.99,202.5,103,44,9.15,21.73,
22_LM_C_0402,1,LM-11-003,Health,Krufning,early,2011,10,1,M,A,535.11,197,91,47,8.78,23.86,
22_LM_C_0416,2,LM-11-004,Health,Krufning,early,2011,10,1,F,J,479.84,184.4,93,39.6,8.25,21.48,
22_LM_C_0417,1,LM-11-009,Health,Krufning,early,2011,10,1,M,A,547.66,190.5,93.5,42.5,7.76,22.31,
22_LM_C_0418,1,LM-11-011,Health,Krufning,early,2011,10,1,F,A,516.53,188.5,91,42.5,8.23,22.55,
22_LM_C_0390,1,LM-11-014,Health,Krufning,early,2011,10,2,F,J,389.12,175,86,39,10.02,22.29,
22_LM_C_0414,1,LM-11-016,Health,Krufning,early,2011,10,2,M,A,481.2,171.7,80.1,39.8,8.27,23.18,
22_LM_C_0431,1,LM-11-022,Health,Krufning,early,2011,10,2,M,J,520.36,191.7,100.2,40,7.69,20.87,
22_LM_C_0430,2,LM-11-025,Health,Krufning,early,2011,10,2,M,J,486.83,184,92,40,8.22,21.74,
22_LM_C_0404,1,LM-11-026,Health,Krufning,early,2011,10,2,M,A,493.2,187.5,92,42,8.52,22.40,
22_LM_C_0412,1,LM-11-027,Health,Krufning,early,2011,10,3,M,A,504,179,84,42,8.33,23.46,
22_LM_C_0401,1,LM-11-030,Health,Krufning,early,2011,10,3,F,J,410.29,184.5,86,44,10.72,23.85,
22_LM_C_0413,1,LM-11-031,Health,Krufning,early,2011,10,3,F,A,483.87,197.5,94,45.5,9.40,23.04,
22_LM_C_0396,1,LM-11-033,Health,Krufning,early,2011,10,3,M,A,480.11,174.5,88,37.5,7.81,21.49,
22_LM_C_0419,1,LM-11-034,Health,Krufning,early,2011,10,3,M,A,539.77,185,93,40,7.41,21.62,
22_LM_C_407,2,LM-11-038,Health,Krufning,early,2011,10,3,M,J,438.92,187,96,40,9.11,21.39,
22_LM_C_0406,2,LM-11-040,Health,Krufning,early,2011,10,3,M,J,507.96,184.5,89,42,8.27,22.76,
22_LM_C_0415,1,LM-11-042,Health,Krufning,early,2011,10,3,F,J,445.36,195,96,44,9.88,22.56,
22_LM_C_0403,1,LM-11-043,Health,Krufning,early,2011,10,3,F,J,447.12,182,91,40.5,9.06,22.25,
22_LM_C_0452,1,LM-11-048,Health,Krufning,early,2011,10,5,M,A,511.59,183,91,40,7.82,21.86,
22_LM_C_0374,2,LM-11-084,Health,Krufning,early,2011,10,1,F,J,484,186.1,92.6,41,8.47,22.03,
22_LM_C_0380,1,LM-11-086,Health,Krufning,early,2011,10,1,F,J,422.28,193.5,90,46,10.89,23.77,
22_LM_C_0410,1,LM-11-088,Health,Krufning,early,2011,10,2,F,A,458.39,158.7,83,32.1,7.00,20.23,
22_LM_C_0391,2,LM-11-089,Health,Krufning,early,2011,10,2,F,J,439.89,195,94,45,10.23,23.08,
22_LM_C_0393,2,LM-11-092,Health,Krufning,early,2011,10,2,F,J,462.91,197.5,98,44,9.51,22.28,
22_LM_C_0394,1,LM-11-093,Health,Krufning,early,2011,10,2,M,J,444.66,202.5,101,45,10.12,22.22,
22_LM_C_0395,1,LM-11-097,Health,Krufning,early,2011,10,3,M,J,523.41,196,98,44,8.41,22.45,
22_LM_C_0409,2,LM-11-100,Health,Krufning,early,2011,10,4,F,J,445,196,95,44,9.89,22.45,
22_LM_C_0381,2,LM-11-101,Health,Krufning,early,2011,10,4,F,A,478.84,195,95,44,9.19,22.56,
22_LM_C_0382,1,LM-11-104,Health,Krufning,early,2011,10,5,M,A,552.58,173.5,90,34,6.15,19.60,
22_LM_C_0405,1,LM-11-115,Health,Krufning,early,2011,10,1,M,J,498.32,186.5,92,41,8.23,21.98,
22_LM_C_0386,2,LM-11-116,Health,Krufning,early,2011,10,2,M,J,480.25,189.5,95,41,8.54,21.64,
22_LM_C_0408,2,LM-11-117,Health,Krufning,early,2011,10,2,M,A,515.27,176.5,91,37,7.18,20.96,
22_LM_C_0398,1,LM-11-119,Health,Krufning,early,2011,10,2,F,J,476.23,187.5,94,41,8.61,21.87,
22_LM_C_0378,2,LM-11-120,Health,Krufning,early,2011,10,2,F,A,505.27,176,85.5,40,7.92,22.73,
22_LM_C_0383,2,LM-11-126,Health,Krufning,early,2011,10,3,F,A,500.78,173,91,35.5,7.09,20.52,
22_LM_C_0435,1,LM-11-127,Health,Krufning,early,2011,10,3,M,J,519,194,92,45,8.67,23.20,
22_LM_C_0392,2,LM-11-128,Health,Krufning,early,2011,10,3,F,J,455.46,188.5,89,44,9.66,23.34,
22_LM_C_0420,1,LM-11-130,Health,Krufning,early,2011,10,4,M,A,509,180,88,40,7.86,22.22,
22_LM_C_0376,1,LM-11-131,Health,Krufning,early,2011,10,4,M,A,505.07,180,91,39,7.72,21.67,
22_LM_C_0377,1,LM-11-132,Health,Krufning,early,2011,10,4,F,A,442,198,96,45,10.18,22.73,
22_LM_C_0379,2,LM-11-133,Health,Krufning,early,2011,10,4,M,A,529,190.5,97,40,7.56,21.00,
22_LM_C_0372,1,LM-11-135,Health,Krufning,early,2011,10,5,M,A,552.18,181.5,92,39,7.06,21.49,
22_LM_C_0371,1,LM-11-137,Health,Krufning,early,2011,10,5,M,J,529.95,207,97.5,49,9.25,23.67,
22_LM_C_0370,1,LM-11-138,Health,Krufning,early,2011,10,5,M,J,510.49,210,94.5,52,10.19,24.76,
22_LM_C_0373,1,LM-11-142,Health,Krufning,early,2011,10,2,M,J,485,186,92,41,8.45,22.04,
22_LM_C_0385,2,LM-11-143,Health,Krufning,early,2011,10,1,F,J,477.55,183.8,89.5,41,8.59,22.31,
22_LM_C_0384,2,LM-11-145,Health,Krufning,early,2011,10,2,M,A,530.03,177.4,91.6,36.8,6.94,20.74,
22_LM_C_0387,1,LM-11-147,Health,Krufning,early,2011,10,2,M,A,513.47,188,92,42.5,8.28,22.61,
22_LM_C_0369,1,LM-11-148,Health,Krufning,early,2011,10,2,M,A,501.12,174.5,88.3,37.5,7.48,21.49,
22_LM_C_0434,1,LM-11-152,Health,Krufning,early,2011,10,3,F,J,455.19,185.5,96,39,8.57,21.02,
22_LM_C_0397,1,LM-11-155,Health,Krufning,early,2011,10,5,F,A,495.9,185.5,92,41,8.27,22.10,
22_LM_C_0424,2,LM-11-156,Health,Krufning,early,2011,10,5,M,A,538.16,192,94.5,43,7.99,22.40,
22_LM_C_0442,1,LM-11-157,Health,Krufning,early,2011,10,6,F,A,482.99,189.5,96,41,8.49,21.64,
22_LM_C_0455,1,LM-11-162,Health,Krufning,early,2011,10,1,M,J,486.28,186.3,89,43,8.84,23.08,
22_LM_C_0389,2,LM-11-163,Health,Krufning,early,2011,10,2,M,J,518.25,189.3,98,39.9,7.70,21.08,
22_LM_C_0425,1,LM-11-165,Health,Krufning,early,2011,10,2,F,A,467,198.5,92,47.5,10.17,23.93,
22_LM_C_0375,1,LM-11-169,Health,Krufning,early,2011,10,2,F,A,454.87,176,88,38,8.35,21.59,
22_LM_C_0367,2,LM-11-171,Health,Krufning,early,2011,10,2,F,A,479.94,175.5,86.5,39,8.13,22.22,
22_LM_C_0451,1,LM-11-172,Health,Krufning,early,2011,10,2,F,J,428.94,185,90,42,9.79,22.70,
22_LM_C_0368,1,LM-11-175,Health,Krufning,early,2011,10,2,F,A,482.55,169.8,80,39.5,8.19,23.26,
22_LM_C_0411,2,LM-11-177,Health,Krufning,early,2011,10,3,M,A,512.88,178.2,94,36.5,7.12,20.48,
22_LM_C_0443,1,LM-11-181,Health,Krufning,early,2011,10,1,M,J,499.95,195.5,94,45,9.00,23.02,
22_LM_C_0388,1,LM-11-190,Health,Krufning,early,2011,10,2,F,A,484.18,194.5,94,44.5,9.19,22.88,
22_LM_C_0364,1,LM-11-191,Health,Krufning,early,2011,10,2,F,A,467,189,91.5,43,9.21,22.75,
22_LM_C_0438,1,LM-11-200,Health,Krufning,early,2011,10,3,M,J,498.46,190.5,92,43,8.63,22.57,
22_LM_C_0457,2,LM-11-201,Health,Krufning,early,2011,10,3,F,J,455.75,178,90,39,8.56,21.91,
22_LM_C_0454,1,LM-11-202,Health,Krufning,early,2011,10,3,F,A,511.7,182.6,92.5,39.3,7.68,21.52,
22_LM_C_0432,1,LM-11-203,Health,Krufning,early,2011,10,4,M,A,570.09,186.6,89,42.3,7.42,22.67,
22_LM_C_0450,1,LM-11-205,Health,Krufning,early,2011,10,4,F,J,413.71,185,87,43,10.39,23.24,
22_LM_C_0426,1,LM-11-206,Health,Krufning,early,2011,10,4,F,J,466.36,183,85,43,9.22,23.50,
22_LM_C_0433,1,LM-11-209,Health,Krufning,early,2011,10,5,M,A,532.03,182,91,39.5,7.42,21.70,
22_LM_C_0444,1,LM-11-210,Health,Krufning,early,2011,10,5,M,A,511.61,182.5,91,40,7.82,21.92,
22_LM_C_0439,1,LM-11-221,Health,Krufning,early,2011,10,6,F,J,431.25,198.5,94,46.5,10.78,23.43,
22_LM_C_0422,1,LM-11-255,Health,Krufning,early,2011,10,4,F,J,479,201.5,96,47,9.81,23.33,
22_LM_C_0440,1,LM-11-257,Health,Krufning,early,2011,10,4,M,J,515.28,201,95,47,9.12,23.38,
22_LM_C_0427,1,LM-11-259,Health,Krufning,early,2011,10,5,M,J,500.51,195,93,45,8.99,23.08,
22_LM_C_0423,1,LM-11-260,Health,Krufning,early,2011,10,5,M,A,528.41,170,84,37,7.00,21.76,
22_LM_C_0421,1,LM-11-261,Health,Krufning,early,2011,10,5,M,A,473.04,178,84,41.5,8.77,23.31,
22_LM_C_0437,1,LM-11-263,Health,Krufning,early,2011,10,6,M,A,537.04,185,95,39.5,7.36,21.35,
22_LM_C_0436,1,LM-11-265,Health,Krufning,early,2011,10,6,M,J,492,209,101,48.5,9.86,23.21,
22_LM_C_0531,1,LM-12-001,Health,Krufning,early,2012,9,30,F,J,387.21,,,43,11.11,,
22_LM_C_0532,2,LM-12-002,Health,Krufning,early,2012,9,30,F,J,455.67,187,87,44,9.66,23.53,
22_LM_C_0548,1,LM-12-004,Health,Krufning,early,2012,9,30,F,J,445.68,186,94,40,8.98,21.51,
22_LM_C_0517,2,LM-12-005,Health,Krufning,early,2012,9,30,M,J,544,200,92,48,8.82,24.00,
22_LM_C_0499,2,LM-12-008,Health,Krufning,early,2012,9,30,F,J,473.2,200,97,46,9.72,23.00,
22_LM_C_0545,1,LM-12-009,Health,Krufning,early,2012,9,30,M,J,489,207,99,48,9.82,23.19,
22_LM_C_0523,3,LM-12-010,Health,Krufning,early,2012,9,30,F,J,451.17,204,95,48,10.64,23.53,
22_LM_C_0472,1,LM-12-011,Health,Krufning,early,2012,9,30,M,J,489,196,92,46,9.41,23.47,
22_LM_C_0524,2,LM-12-014,Health,Krufning,early,2012,9,30,F,A,452,192,93,44,9.73,22.92,
22_LM_C_0525,2,LM-12-016,Health,Krufning,early,2012,9,30,M,A,533,176,86,39,7.32,22.16,
22_LM_C_0526,3,LM-12-019,Health,Krufning,early,2012,9,30,F,A,483.55,194,94,44,9.10,22.68,
22_LM_C_0533,1,LM-12-020,Health,Krufning,early,2012,9,30,M,J,469.9,194,92,45,9.58,23.20,
22_LM_C_0453,1,LM-12-021,Health,Krufning,early,2012,9,30,F,J,427.93,195,93,45,10.52,23.08,
22_LM_C_0458,2,LM-12-022,Health,Krufning,early,2012,9,30,F,J,469.16,211,102,48,10.23,22.75,
22_LM_C_0459,2,LM-12-023,Health,Krufning,early,2012,9,30,M,J,489.04,196,94,45,9.20,22.96,
22_LM_C_0508,1,LM-12-028,Health,Krufning,early,2012,10,1,M,A,544.1,194,97,43,7.90,22.16,
22_LM_C_0546,1,LM-12-029,Health,Krufning,early,2012,10,1,M,J,481.76,187,90,43,8.93,22.99,
22_LM_C_0547,1,LM-12-030,Health,Krufning,early,2012,10,1,M,J,518.39,190,89,45,8.68,23.68,
22_LM_C_0535,1,LM-12-032,Health,Krufning,early,2012,10,1,F,J,497.87,199,95,46,9.24,23.12,
22_LM_C_0515,2,LM-12-035,Health,Krufning,early,2012,10,1,M,A,564.62,196,101,42,7.44,21.43,
22_LM_C_0516,2,LM-12-036,Health,Krufning,early,2012,10,1,M,A,524.84,183,96,38,7.24,20.77,
22_LM_C_0534,1,LM-12-040,Health,Krufning,early,2012,10,5,M,A,529.91,195,93,45,8.49,23.08,
22_LM_C_0467,1,LM-12-042,Health,Krufning,early,2012,10,1,M,J,553.9,185,92,41,7.40,22.16,
22_LM_C_0473,2,LM-12-043,Health,Krufning,early,2012,10,2,F,J,477.25,189,95,41,8.59,21.69,
22_LM_C_0486,2,LM-12-045,Health,Krufning,early,2012,10,2,M,J,479.59,200,96,46,9.59,23.00,
22_LM_C_0479,2,LM-12-048,Health,Krufning,early,2012,10,2,M,J,560.67,197,93,46,8.20,23.35,
22_LM_C_0487,2,LM-12-050,Health,Krufning,early,2012,10,3,F,J,474.16,192,96,42,8.86,21.88,
22_LM_C_0480,2,LM-12-051,Health,Krufning,early,2012,10,2,M,J,500.4,191,91,44,8.79,23.04,
22_LM_C_0518,2,LM-12-055,Health,Krufning,early,2012,10,2,F,J,458.31,204,105,44,9.60,21.57,
22_LM_C_0539,1,LM-12-056,Health,Krufning,early,2012,10,3,M,J,502,190,94,42,8.37,22.11,
22_LM_C_0540,1,LM-12-057,Health,Krufning,early,2012,10,3,M,J,529.76,194,94,44,8.31,22.68,
22_LM_C_0488,3,LM-12-058,Health,Krufning,early,2012,10,3,M,A,488,171,86,37,7.58,21.64,
22_LM_C_0504,,LM-12-059,Health,Krufning,early,2012,10,4,M,J,549.15,186,93,41,7.47,22.04,
22_LM_C_0500,2,LM-12-060,Health,Krufning,early,2012,10,4,M,A,516.35,197,92,47,9.10,23.86,
22_LM_C_0512,2,LM-12-062,Health,Krufning,early,2012,10,3,M,J,544.14,201,90,50,9.19,24.88,
22_LM_C_0513,1,LM-12-064,Health,Krufning,early,2012,10,3,M,J,521.27,194,90,46,8.82,23.71,
22_LM_C_0506,2,LM-12-067,Health,Krufning,early,2012,10,4,M,A,602.3,202,98,46,7.64,22.77,
22_LM_C_0507,2,LM-12-068,Health,Krufning,early,2012,10,4,M,A,562,187,92,42,7.47,22.46,
22_LM_C_0497,2,LM-12-069,Health,Krufning,early,2012,10,5,F,A,453.67,183,89,41,9.04,22.40,
22_LM_C_0520,,LM-12-070,Health,Krufning,early,2012,10,5,F,J,461.95,198,95,46,9.96,23.23,
22_LM_C_0511,2,LM-12-071,Health,Krufning,early,2012,10,1,M,A,530.84,202,95,47,8.85,23.27,
22_LM_C_0514,1,LM-12-072,Health,Krufning,early,2012,10,1,M,A,570.55,191,98,40,7.01,20.94,
22_LM_C_0502,1,LM-12-079,Health,Krufning,early,2012,10,2,F,J,516.49,210,100,49,9.49,23.33,
22_LM_C_0478,1,LM-12-082,Health,Krufning,early,2012,10,2,M,J,497.28,198,95,46,9.25,23.23,
22_LM_C_0441,1,LM-12-083,Health,Krufning,early,2012,10,2,F,J,459.36,191,92,43,9.36,22.51,
22_LM_C_0519,2,LM-12-087,Health,Krufning,early,2012,10,4,F,J,516.43,193,97,42,8.13,21.76,
22_LM_C_0521,1,LM-12-088,Health,Krufning,early,2012,10,4,F,J,481.27,195,93,46,9.56,23.59,
22_LM_C_0461,2,LM-12-089,Health,Krufning,early,2012,10,5,M,A,486.46,191,90,45,9.25,23.56,
22_LM_C_0466,1,LM-12-090,Health,Krufning,early,2012,10,5,M,A,544.68,203,98,47,8.63,23.15,
22_LM_C_0503,2,LM-12-092,Health,Krufning,early,2012,10,5,F,A,455,191,95,42,9.23,21.99,
22_LM_C_0464,1,LM-12-105,Health,Krufning,early,2012,10,3,F,J,484.68,194,95,44,9.08,22.68,
22_LM_C_0463,1,LM-12-109,Health,Krufning,early,2012,10,5,F,A,475,178,90,38,8.00,21.35,
22_LM_C_0449,1,LM-12-131,Health,Krufning,early,2012,10,1,M,J,407.3,195,94,45,11.05,23.08,
22_LM_C_0447,2,LM-12-132,Health,Krufning,early,2012,10,3,M,J,516.04,207,103,46,8.91,22.22,
22_LM_C_0484,2,LM-12-141,Health,Krufning,early,2012,10,6,M,A,518.29,193,91,45,8.68,23.32,
22_LM_C_0490,1,LM-12-142,Health,Krufning,early,2012,10,6,M,A,517,186,90,42,8.12,22.58,
22_LM_C_0477,1,LM-12-144,Health,Krufning,early,2012,10,6,M,A,474.85,174,87,38,8.00,21.84,
22_LM_C_0474,1,LM-12-146,Health,Krufning,early,2012,10,6,M,A,520.63,195,98,43,8.26,22.05,
22_LM_C_0460,2,LM-12-162,Health,Krufning,early,2012,10,1,M,A,549.54,203,99,46,8.37,22.66,
22_LM_C_0494,1,LM-12-163,Health,Krufning,early,2012,10,1,M,J,506,206,99,48,9.49,23.30,
22_LM_C_0492,2,LM-12-167,Health,Krufning,early,2012,10,1,M,A,510,190,90.5,44,8.63,23.16,
22_LM_C_0467,1,LM-12-171,Health,Krufning,early,2012,10,1,M,J,529.83,199,97,45,8.49,22.61,
22_LM_C_0428,1,LM-12-172,Health,Krufning,early,2012,10,1,M,A,556.94,194.5,96,43,7.72,22.11,
22_LM_C_0491,1,LM-12-173,Health,Krufning,early,2012,10,5,M,A,511.59,203,93,49,9.58,24.14,
22_LM_C_0505,1,LM-12-176,Health,Krufning,early,2012,10,5,M,A,529.24,187,91,42,7.94,22.46,
22_LM_C_0501,1,LM-12-192,Health,Krufning,early,2012,10,2,M,A,548.57,197,96,44,8.02,22.34,
22_LM_C_0489,1,LM-12-193,Health,Krufning,early,2012,10,2,F,J,499.43,198,96,45,9.01,22.73,
22_LM_C_0471,1,LM-12-195,Health,Krufning,early,2012,10,2,M,J,513,187,90,43,8.38,22.99,
22_LM_C_0475,1,LM-12-196,Health,Krufning,early,2012,10,2,F,A,492.21,179,89,39,7.92,21.79,
22_LM_C_0445,1,LM-12-197,Health,Krufning,early,2012,10,2,F,A,519.11,198,98,44,8.48,22.22,
22_LM_C_0495,1,LM-12-198,Health,Krufning,early,2012,10,2,M,J,541.56,199,101,43,7.94,21.61,
22_LM_C_0485,2,LM-12-199,Health,Krufning,early,2012,10,2,F,J,493.77,202,94,48,9.72,23.76,
22_LM_C_0465,1,LM-12-200,Health,Krufning,early,2012,10,2,F,J,486.54,198,99,44,9.04,22.22,
22_LM_C_0496,1,LM-12-213,Health,Krufning,early,2012,10,5,M,A,529,185,88,43,8.13,23.24,1 - cestode
22_LM_C_0462,1,LM-12-217,Health,Krufning,early,2012,10,5,M,A,534.78,191,91,44,8.23,23.04,
22_LM_C_0446,2,LM-12-221,Health,Krufning,early,2012,10,5,F,J,474.64,206,101,46,9.69,22.33,
22_LM_C_0448,2,LM-12-222,Health,Krufning,early,2012,10,5,F,J,503.6,207,97,50,9.93,24.15,
22_LM_C_0476,2,LM-12-374,Health,Krufning,early,2012,10,6,M,A,525.62,189,93,42,7.99,22.22,
22_LM_C_0481,2,LM-12-375,Health,Krufning,early,2012,10,6,M,A,549.8,175,82,41,7.46,23.43,
22_LM_C_0482,2,LM-12-383,Health,Krufning,early,2012,10,6,M,A,497,195,95,44,8.85,22.56,
22_LM_C_0483,2,LM-12-394,Health,Krufning,early,2012,10,6,M,A,530,195,96,44,8.30,22.56,
22_LM_C_0456,1,LM-12-398,Health,Krufning,early,2012,10,6,M,A,527.52,199,100,44,8.34,22.11,
22_LM_C_0468,1,LM-12-401,Health,Krufning,early,2012,10,4,M,J,514.8,195,94,44,8.55,22.56,
22_LM_C_0469,1,LM-12-403,Health,Krufning,early,2012,10,5,F,A,494.41,181,86,41,8.29,22.65,
22_LM_C_0470,1,LM-12-410,Health,Krufning,early,2012,10,5,F,J,435,196,91,47,10.80,23.98,
22_LM_C_0527,1,LM-13-001,Health,Krufning,early,2013,9,29,F,J,471.05,199.5,100,44,9.34,22.06,
22_LM_C_0528,1,LM-13-006,Health,Krufning,early,2013,9,29,F,A,475.42,195,100,41.5,8.73,21.28,
22_LM_C_0590,1,LM-13-007,Health,Krufning,early,2013,9,29,F,A,506.2,191.5,89,45,8.89,23.50,
22_LM_C_0586,2,LM-13-008,Health,Krufning,early,2013,9,29,M,A,487,183,88,42,8.62,22.95,
22_LM_C_0588,1,LM-13-009,Health,Krufning,early,2013,9,29,M,A,563.57,182,87,42,7.45,23.08,
22_LM_C_0569,1,LM-13-011,Health,Krufning,early,2013,9,29,F,J,465.95,191,92,44,9.44,23.04,
22_LM_C_0589,1,LM-13-015,Health,Krufning,early,2013,9,29,M,J,524,204,105,44,8.40,21.57,
22_LM_C_0587,1,LM-13-016,Health,Krufning,early,2013,9,29,M,A,575.49,191.5,94,42,7.30,21.93,
22_LM_C_0566,1,LM-13-017,Health,Krufning,early,2013,9,29,M,A,533.06,180.5,88,41,7.69,22.71,
22_LM_C_0593,1,LM-13-021,Health,Krufning,early,2013,10,1,F,J,475,199.5,101,43.5,9.16,21.80,
22_LM_C_0594,1,LM-13-022,Health,Krufning,early,2013,10,1,M,A,509.51,165,84,34.5,6.77,20.91,
22_LM_C_0571,1,LM-13-024,Health,Krufning,early,2013,10,1,M,J,514.19,200.5,102,43,8.36,21.45,
22_LM_C_0563,1,LM-13-025,Health,Krufning,early,2013,10,1,M,A,570.42,179.5,91,38,6.66,21.17,
22_LM_C_0565,1,LM-13-028,Health,Krufning,early,2013,10,1,M,J,517.81,192,95,42.5,8.21,22.14,
22_LM_C_0498,1,LM-13-029,Health,Krufning,early,2013,10,1,F,A,476.61,180.5,90,39.5,8.29,21.88,
22_LM_C_0522,1,LM-13-030,Health,Krufning,early,2013,10,1,M,J,527.91,193.5,94,44,8.33,22.74,
22_LM_C_0568,,LM-13-031,Health,Krufning,early,2013,10,1,M,A,499,177,91,38,7.62,21.47,
22_LM_C_0567,1,LM-13-036,Health,Krufning,early,2013,10,1,M,A,496.17,180,90,39.5,7.96,21.94,
22_LM_C_0570,1,LM-13-037,Health,Krufning,early,2013,10,1,F,A,510.8,186.5,93,41,8.03,21.98,
22_LM_C_0578,1,LM-13-051,Health,Krufning,early,2013,9,28,F,J,483.63,194,93,45,9.30,23.20,
22_LM_C_0624,1,LM-13-054,Health,Krufning,early,2013,9,28,M,A,498.68,181,86,42,8.42,23.20,
22_LM_C_0615,1,LM-13-055,Health,Krufning,early,2013,9,28,M,A,535.75,192,92,44,8.21,22.92,
22_LM_C_0597,1,LM-13-057,Health,Krufning,early,2013,9,28,F,J,471.77,197,96,44.5,9.43,22.59,
22_LM_C_0598,1,LM-13-063,Health,Krufning,early,2013,9,28,F,J,485.12,192,94,43,8.86,22.40,
22_LM_C_0585,1,LM-13-064,Health,Krufning,early,2013,9,28,M,A,504.52,191,93,43,8.52,22.51,
22_LM_C_0599,1,LM-13-070,Health,Krufning,early,2013,9,29,M,A,567.45,183,91,40,7.05,21.86,
22_LM_C_0614,1,LM-13-075,Health,Krufning,early,2013,9,29,M,J,548.45,201,106,42,7.66,20.90,
22_LM_C_0613,1,LM-13-077,Health,Krufning,early,2013,9,29,F,J,509.97,182,86,41.5,8.14,22.80,
22_LM_C_0584,1,LM-13-081,Health,Krufning,early,2013,9,28,F,A,508,191,96,41,8.07,21.47,
22_LM_C_0618,1,LM-13-083,Health,Krufning,early,2013,9,28,F,J,434,199,94,46,10.60,23.12,
22_LM_C_0601,1,LM-13-084,Health,Krufning,early,2013,9,28,F,A,478.26,174,87,38,7.95,21.84,
22_LM_C_0622,1,LM-13-091,Health,Krufning,early,2013,9,29,M,A,536.1,183,88,42,7.83,22.95,
22_LM_C_0623,1,LM-13-092,Health,Krufning,early,2013,9,29,F,J,478.32,192.5,93,44,9.20,22.86,
22_LM_C_0577,1,LM-13-098,Health,Krufning,early,2013,9,30,M,J,501.43,179,89,39.5,7.88,22.07,
22_LM_C_0581,1,LM-13-100,Health,Krufning,early,2013,10,1,F,A,519.23,185,96,39.5,7.61,21.35,
22_LM_C_0609,1,LM-13-103,Health,Krufning,early,2013,10,1,M,J,562,213,101,50.5,8.99,23.71,
22_LM_C_0611,1,LM-13-105,Health,Krufning,early,2013,10,1,F,A,476,177,84,40,8.40,22.60,
22_LM_C_0575,1,LM-13-108,Health,Krufning,early,2013,10,1,F,J,467.27,195.5,96,44,9.42,22.51,
22_LM_C_0612,1,LM-13-109,Health,Krufning,early,2013,10,2,F,J,494.42,,,,,,
22_LM_C_0610,1,LM-13-111,Health,Krufning,early,2013,9,30,M,J,534.85,195.5,99,42.5,7.95,21.74,
22_LM_C_0616,1,LM-13-115,Health,Krufning,early,2013,10,3,M,J,511.12,186.5,88,44,8.61,23.59,
22_LM_C_0557,1,LM-13-121,Health,Krufning,early,2013,10,1,M,A,497.83,183,90,40.5,8.14,22.13,
22_LM_C_0574,1,LM-13-122,Health,Krufning,early,2013,10,1,F,J,443.22,188.5,87,45,10.15,23.87,
22_LM_C_0559,1,LM-13-123,Health,Krufning,early,2013,10,1,F,J,442.41,193,98,41.5,9.38,21.50,
22_LM_C_0576,1,LM-13-132,Health,Krufning,early,2013,10,2,M,A,505.28,185,88,43,8.51,23.24,
22_LM_C_0617,1,LM-13-134,Health,Krufning,early,2013,10,2,F,J,465.11,173,89,37,7.96,21.39,
22_LM_C_0602,1,LM-13-135,Health,Krufning,early,2013,10,3,M,A,554.79,175,86,39,7.03,22.29,
22_LM_C_0603,1,LM-13-136,Health,Krufning,early,2013,10,3,F,A,452.1,178.5,90,39,8.63,21.85,
22_LM_C_0619,1,LM-13-138,Health,Krufning,early,2013,10,3,M,J,522.12,203,99,46,8.81,22.66,
22_LM_C_0621,1,LM-13-142,Health,Krufning,early,2013,9,30,M,J,484.08,191,94,42.5,8.78,22.25,
22_LM_C_0600,1,LM-13-145,Health,Krufning,early,2013,9,30,M,A,538.17,179,88,40,7.43,22.35,
22_LM_C_0579,1,LM-13-147,Health,Krufning,early,2013,9,30,M,J,483.86,168.5,87,35,7.23,20.77,
22_LM_C_0580,1,LM-13-148,Health,Krufning,early,2013,9,30,M,A,532.62,181,91,39,7.32,21.55,
22_LM_C_0562,1,LM-13-151,Health,Krufning,early,2013,9,30,M,A,523.58,168,87,35,6.68,20.83,
22_LM_C_0561,1,LM-13-153,Health,Krufning,early,2013,9,30,F,A,508,182.5,91,40,7.87,21.92,
22_LM_C_0536,1,LM-13-154,Health,Krufning,early,2013,9,30,F,J,427.52,179,90,39.5,9.24,22.07,
22_LM_C_0564,1,LM-13-155,Health,Krufning,early,2013,10,1,M,A,543.55,133.5,99,11.5,2.12,8.61,
22_LM_C_0537,1,LM-13-157,Health,Krufning,early,2013,10,2,M,A,566.74,174.5,88,37.5,6.62,21.49,
22_LM_C_0538,1,LM-13-158,Health,Krufning,early,2013,10,2,M,A,527.89,182,84,43,8.15,23.63,
22_LM_C_0542,1,LM-13-160,Health,Krufning,early,2013,10,2,F,J,471.09,201.5,100,45,9.55,22.33,
22_LM_C_0573,1,LM-13-161,Health,Krufning,early,2013,10,2,M,J,558.14,186,92,41,7.35,22.04,
22_LM_C_0583,1,LM-13-162,Health,Krufning,early,2013,10,2,M,J,568,202.5,97,47,8.27,23.21,
22_LM_C_0582,1,LM-13-164,Health,Krufning,early,2013,10,2,M,A,553,174,87,38,6.87,21.84,
22_LM_C_0554,,LM-13-166,Health,Krufning,early,2013,10,2,M,A,555.52,179.5,92,38,6.84,21.17,
22_LM_C_0560,1,LM-13-167,Health,Krufning,early,2013,10,2,M,J,557.5,185.5,91,42,7.53,22.64,
22_LM_C_0572,1,LM-13-168,Health,Krufning,early,2013,10,2,F,A,497.55,192,94,43,8.64,22.40,
22_LM_C_0510,1,LM-13-171,Health,Krufning,early,2013,9,28,M,J,551,200,102,43,7.80,21.50,
22_LM_C_0553,1,LM-13-174,Health,Krufning,early,2013,9,28,F,A,521.57,183,93,39,7.48,21.31,
22_LM_C_0552,1,LM-13-176,Health,Krufning,early,2013,9,28,F,A,551,185.5,97,38,6.90,20.49,
22_LM_C_0551,1,LM-13-178,Health,Krufning,early,2013,9,29,M,J,553.17,196.5,96,44,7.95,22.39,
22_LM_C_0555,1,LM-13-182,Health,Krufning,early,2013,9,29,F,A,476.7,,,41,8.60,,
22_LM_C_0556,1,LM-13-183,Health,Krufning,early,2013,9,29,F,J,482.36,187.5,91,43,8.91,22.93,
22_LM_C_0558,1,LM-13-185,Health,Krufning,early,2013,9,29,M,A,586.04,177.5,90,38,6.48,21.41,
22_LM_C_0544,1,LM-13-190,Health,Krufning,early,2013,10,1,M,J,471.71,179.5,87,40.5,8.59,22.56,
22_LM_C_0550,1,LM-13-192,Health,Krufning,early,2013,10,2,M,J,498.26,182.5,90,41,8.23,22.47,
22_LM_C_0509,1,LM-13-193,Health,Krufning,early,2013,10,2,F,A,435.93,168.5,87,35,8.03,20.77,
22_LM_C_0549,1,LM-13-201,Health,Krufning,early,2013,10,2,F,J,493.06,189,102,38,7.71,20.11,
22_LM_C_0530,1,LM-13-231,Health,Krufning,early,2013,10,2,M,J,528.19,192.5,99,41,7.76,21.30,
22_LM_C_0541,1,LM-13-233,Health,Krufning,early,2013,10,3,F,J,491.61,191,92,44,8.95,23.04,
22_LM_C_0529,1,LM-13-234,Health,Krufning,early,2013,10,3,F,J,440.74,195.5,94,45,10.21,23.02,
22_LM_C_0543,1,LM-13-242,Health,Krufning,early,2013,10,3,F,J,447.39,188,93,42,9.39,22.34,
22_LM_C_0640,1,LM-14-011,Health,Krufning,early,2014,9,30,M,A,507.38,188.5,90,44,8.67,23.34,
22_LM_C_0641,1,LM-14-013,Health,Krufning,early,2014,9,30,F,A,498.45,181,93,38.5,7.72,21.27,
22_LM_C_0629,1,LM-14-015,Health,Krufning,early,2014,9,30,M,A,544,196.5,96,44.5,8.18,22.65,
22_LM_C_0605,1,LM-14-016,Health,Krufning,early,2014,9,30,F,J,455,184.5,97,38,8.35,20.60,
22_LM_C_0606,1,LM-14-022,Health,Krufning,early,2014,10,1,M,J,531.83,203.5,107,42,7.90,20.64,
22_LM_C_0607,1,LM-14-030,Health,Krufning,early,2014,10,1,F,J,443.89,175.5,86,39,8.79,22.22,
22_LM_C_0630,1,LM-14-033,Health,Krufning,early,2014,10,2,M,J,474.41,166,85,35,7.38,21.08,
22_LM_C_0646,1,LM-14-034,Health,Krufning,early,2014,10,2,M,A,515.25,178.5,87,40.5,7.86,22.69,
22_LM_C_0647,1,LM-14-035,Health,Krufning,early,2014,10,2,F,A,477.71,167,84,36,7.54,21.56,
22_LM_C_0634,1,LM-14-036,Health,Krufning,early,2014,10,2,M,A,516.84,186.5,88,43.5,8.42,23.32,
22_LM_C_0628,1,LM-14-037,Health,Krufning,early,2014,10,2,F,J,511.04,192.5,94,43,8.41,22.34,
22_LM_C_0627,1,LM-14-040,Health,Krufning,early,2014,10,2,M,A,488,171.5,85,38,7.79,22.16,
22_LM_C_0604,1,LM-14-042,Health,Krufning,early,2014,10,2,F,J,477,191,90,44.5,9.33,23.30,
22_LM_C_0637,1,LM-14-045,Health,Krufning,early,2014,10,2,M,A,528.67,171,84,38,7.19,22.22,
22_LM_C_0631,1,LM-14-046,Health,Krufning,early,2014,10,2,M,J,501.02,197,93,46.5,9.28,23.60,
22_LM_C_0633,1,LM-14-048,Health,Krufning,early,2014,10,2,F,J,447,194,95,44.5,9.96,22.94,
22_LM_C_0632,1,LM-14-049,Health,Krufning,early,2014,10,2,F,J,449,186,90,42.5,9.47,22.85,
22_LM_C_0654,2,LM-14-058,Health,Krufning,early,2014,10,4,F,J,466.22,193,92,45.5,9.76,23.58,
22_LM_C_0626,1,LM-14-065,Health,Krufning,early,2014,9,30,F,J,415.89,191,95,42.5,10.22,22.25,
22_LM_C_0625,1,LM-14-068,Health,Krufning,early,2014,9,30,F,A,441.44,169.5,83,37,8.38,21.83,
22_LM_C_0651,1,LM-14-073,Health,Krufning,early,2014,10,1,M,A,535.9,,,,,,
22_LM_C_0636,1,LM-14-075,Health,Krufning,early,2014,10,1,M,A,518.67,157,80,33,6.36,21.02,
22_LM_C_0620,1,LM-14-077,Health,Krufning,early,2014,10,1,M,J,531.29,188.5,97,40,7.53,21.22,
22_LM_C_0636,1,LM-14-079,Health,Krufning,early,2014,10,2,M,A,499,170,84,37.5,7.52,22.06,
22_LM_C_0686,1,LM-14-080,Health,Krufning,early,2014,10,2,M,J,496,162.5,88,32,6.45,19.69,
22_LM_C_0595,1,LM-14-082,Health,Krufning,early,2014,10,2,M,J,497,175,84,40,8.05,22.86,
22_LM_C_0591,1,LM-14-083,Health,Krufning,early,2014,10,4,M,A,488.46,181,88,41,8.39,22.65,
22_LM_C_0689,1,LM-14-092,Health,Krufning,early,2014,10,4,M,J,488.99,180,90,39.5,8.08,21.94,
22_LM_C_0687,1,LM-14-100,Health,Krufning,early,2014,9,30,M,A,516.48,178,89,38,7.36,21.35,
22_LM_C_0698,1,LM-14-101,Health,Krufning,early,2014,10,1,M,J,512.86,212,106,47.5,9.26,22.41,
22_LM_C_0683,1,LM-14-102,Health,Krufning,early,2014,10,1,F,J,492.85,200,98,45,9.13,22.50,
22_LM_C_0691,1,LM-14-104,Health,Krufning,early,2014,10,1,F,J,442.92,189,92,43,9.71,22.75,
22_LM_C_0694,1,LM-14-105,Health,Krufning,early,2014,10,1,M,A,524.61,175.5,89,38,7.24,21.65,
22_LM_C_0697,1,LM-14-110,Health,Krufning,early,2014,10,2,M,A,512.3,171,85,37.5,7.32,21.93,
22_LM_C_0692,1,LM-14-112,Health,Krufning,early,2014,10,2,F,A,444.08,172,90,35,7.88,20.35,
22_LM_C_0696,1,LM-14-113,Health,Krufning,early,2014,10,2,F,A,475.72,198,88,49.5,10.41,25.00,
22_LM_C_0690,1,LM-14-114,Health,Krufning,early,2014,10,2,M,A,513.15,163,84,34,6.63,20.86,
22_LM_C_0688,1,LM-14-118,Health,Krufning,early,2014,10,2,M,J,465,182,93,39,8.39,21.43,
22_LM_C_0685,1,LM-14-120,Health,Krufning,early,2014,9,30,F,A,506.25,181.5,90,40,7.90,22.04,
22_LM_C_0693,1,LM-14-122,Health,Krufning,early,2014,10,1,F,J,440.71,185.5,94,40,9.08,21.56,
22_LM_C_0638,1,LM-14-124,Health,Krufning,early,2014,10,1,M,J,461.71,186.5,93,41,8.88,21.98,
22_LM_C_0639,1,LM-14-127,Health,Krufning,early,2014,10,2,M,J,513.89,199.5,98,45,8.76,22.56,
22_LM_C_0681,1,LM-14-130,Health,Krufning,early,2014,10,2,F,A,476.59,186,92,42,8.81,22.58,
22_LM_C_0671,2,LM-14-131,Health,Krufning,early,2014,10,2,F,J,418.04,188.5,95,41.5,9.93,22.02,
22_LM_C_0670,2,LM-14-139,Health,Krufning,early,2014,10,3,F,A,472.74,,,,,,2 - shot up
22_LM_C_0652,1,LM-14-142,Health,Krufning,early,2014,10,3,M,A,498.84,181.5,92,39,7.82,21.49,
22_LM_C_0680,2,LM-14-143,Health,Krufning,early,2014,10,3,F,J,428,182.5,91,40.5,9.46,22.19,
22_LM_C_0679,1,LM-14-148,Health,Krufning,early,2014,10,4,M,J,498.07,182.5,89,41,8.23,22.47,
22_LM_C_0682,1,LM-14-149,Health,Krufning,early,2014,10,4,M,A,522.31,167,85,35.5,6.80,21.26,
22_LM_C_0653,1,LM-14-150,Health,Krufning,early,2014,10,4,F,J,454.46,,,,,,
22_LM_C_0650,1,LM-14-151,Health,Krufning,early,2014,10,4,M,A,508.91,155,78,33,6.48,21.29,
22_LM_C_0649,1,LM-14-152,Health,Krufning,early,2014,10,4,F,A,464.03,178,89,39,8.40,21.91,
22_LM_C_0648,1,LM-14-154,Health,Krufning,early,2014,10,4,F,J,475.68,181.5,89,41,8.62,22.59,
22_LM_C_0677,,LM-14-160,Health,Krufning,early,2014,10,4,F,J,437.08,186.5,93,41.5,9.49,22.25,
22_LM_C_0672,1,LM-14-161,Health,Krufning,early,2014,10,4,F,J,404.83,182,90,40.5,10.00,22.25,
22_LM_C_0678,1,LM-14-162,Health,Krufning,early,2014,10,4,M,J,480.58,175,83,40.5,8.43,23.14,
22_LM_C_0608,1,LM-14-163,Health,Krufning,early,2014,10,5,M,A,537.57,169.5,82,38,7.07,22.42,
22_LM_C_0596,1,LM-14-180,Health,Krufning,early,2014,9,30,M,J,522.84,193,92,44.5,8.51,23.06,
22_LM_C_0663,1,LM-14-181,Health,Krufning,early,2014,9,30,M,J,509.09,185.5,90.5,42,8.25,22.64,
22_LM_C_0662,1,LM-14-182,Health,Krufning,early,2014,9,30,M,J,525,192,93,43.5,8.29,22.66,
22_LM_C_0657,1,LM-14-183,Health,Krufning,early,2014,10,1,M,J,460.22,168,84.5,37,8.04,22.02,
22_LM_C_0664,1,LM-14-184,Health,Krufning,early,2014,10,1,F,J,413.5,159.5,80,34.5,8.34,21.63,
22_LM_C_0667,1,LM-14-186,Health,Krufning,early,2014,10,2,F,A,451.89,180.5,92,38,8.41,21.05,
22_LM_C_0665,1,LM-14-188,Health,Krufning,early,2014,10,2,M,J,494.1,202.5,100,45,9.11,22.22,
22_LM_C_0656,1,LM-14-196,Health,Krufning,early,2014,10,2,M,A,508.2,166.5,83,36.5,7.18,21.92,
22_LM_C_0658,1,LM-14-197,Health,Krufning,early,2014,10,2,F,A,441.67,173,88,37,8.38,21.39,
22_LM_C_0659,1,LM-14-203,Health,Krufning,early,2014,10,2,M,A,474,184,90,41.5,8.76,22.55,
22_LM_C_0673,1,LM-14-204,Health,Krufning,early,2014,10,2,M,A,500.92,171.5,84,38,7.59,22.16,
22_LM_C_0655,,LM-14-207,Health,Krufning,early,2014,10,2,F,A,453.21,168,87,34.5,7.61,20.54,
22_LM_C_0668,1,LM-14-208,Health,Krufning,early,2014,10,2,F,A,502.33,180.5,91,39,7.76,21.61,
22_LM_C_0669,1,LM-14-209,Health,Krufning,early,2014,10,3,M,A,548.36,179.5,93,37,6.75,20.61,
22_LM_C_0666,1,LM-14-212,Health,Krufning,early,2014,10,3,F,J,440.97,199,97,45,10.20,22.61,
22_LM_C_0660,1,LM-14-217,Health,Krufning,early,2014,10,4,M,J,464.67,183,88,42,9.04,22.95,
22_LM_C_0674,1,LM-14-219,Health,Krufning,early,2014,10,5,F,J,496.8,183.5,90,41,8.25,22.34,
22_LM_C_0676,1,LM-14-220,Health,Krufning,early,2014,10,5,F,A,499.8,181.5,90,40,8.00,22.04,
22_LM_C_0644,1,LM-14-223,Health,Krufning,early,2014,10,5,M,A,551.87,193.5,92,45,8.15,23.26,
22_LM_C_0642,1,LM-14-225,Health,Krufning,early,2014,10,5,M,A,457.49,162.5,81,35.5,7.76,21.85,
22_LM_C_0643,1,LM-14-226,Health,Krufning,early,2014,10,5,F,A,460.37,151,76,32.5,7.06,21.52,
22_LM_C_0645,1,LM-14-230,Health,Krufning,early,2014,10,4,F,J,475.3,191,92,44,9.26,23.04,
22_LM_C_0661,1,LM-14-242,Health,Krufning,early,2014,10,5,M,J,496.12,193,91,45,9.07,23.32,
22_LM_C_0675,1,LM-14-243,Health,Krufning,early,2014,10,5,M,J,519.26,191.5,92,44,8.47,22.98,
22_LM_C_0727,1,LM-15-001,Health,Krufning,early,2015,9,30,M,A,541,198,96,45,8.32,22.73,
22_LM_C_0771,1,LM-15-003,Health,Krufning,early,2015,9,30,F,A,466.38,179,96,36,7.72,20.11,
22_LM_C_0779,1,LM-15-006,Health,Krufning,early,2015,10,1,M,J,490,186.5,96,40,8.16,21.45,
22_LM_C_0751,1,LM-15-009,Health,Krufning,early,2015,10,1,M,A,516.12,174.5,93,35.5,6.88,20.34,
22_LM_C_0700,1,LM-15-013,Health,Krufning,early,2015,10,1,M,J,478.54,181.5,86,43,8.99,23.69,
22_LM_C_0714,1,LM-15-018,Health,Krufning,early,2015,10,2,F,A,472.06,,,,,,
22_LM_C_0699,1,LM-15-019,Health,Krufning,early,2015,10,2,M,A,539.62,177.5,91,38,7.04,21.41,
22_LM_C_0684,1,LM-15-020,Health,Krufning,early,2015,10,3,F,A,449.57,175.5,93,36,8.01,20.51,
22_LM_C_0707,1,LM-15-021,Health,Krufning,early,2015,10,3,M,A,528.54,183.5,94,39,7.38,21.25,
22_LM_C_0750,1,LM-15-022,Health,Krufning,early,2015,10,3,M,J,429.53,188,91,42.5,9.89,22.61,
22_LM_C_0719,2,LM-15-024,Health,Krufning,early,2015,10,3,M,A,515.9,,,,,,2 - Shot up
22_LM_C_0717,1,LM-15-025,Health,Krufning,early,2015,10,3,F,A,468.28,171.5,90,35.5,7.58,20.70,
22_LM_C_0710,1,LM-15-026,Health,Krufning,early,2015,10,3,M,J,510.88,201,104,43,8.42,21.39,
22_LM_C_0706,1,LM-15-028,Health,Krufning,early,2015,10,3,F,A,484,174.5,88,38,7.85,21.78,
22_LM_C_0716,1,LM-15-030,Health,Krufning,early,2015,9,30,M,A,496.85,180,84,42,8.45,23.33,
22_LM_C_0715,1,LM-15-032,Health,Krufning,early,2015,9,30,F,J,479.88,196,103,41,8.54,20.92,
22_LM_C_0718,1,LM-15-033,Health,Krufning,early,2015,9,30,M,A,517,186,94,40,7.74,21.51,
22_LM_C_0720,1,LM-15-034,Health,Krufning,early,2015,9,30,M,J,496.32,194,98,42,8.46,21.65,
22_LM_C_0782,1,LM-15-035,Health,Krufning,early,2015,9,30,M,J,489.57,200,98,45,9.19,22.50,
22_LM_C_0772,2,LM-15-036,Health,Krufning,early,2015,9,30,M,A,516.43,196.5,96,46,8.91,23.41,
22_LM_C_0728,1,LM-15-043,Health,Krufning,early,2015,10,4,M,A,517.83,193,93,44,8.50,22.80,
22_LM_C_0708,1,LM-15-047,Health,Krufning,early,2015,10,4,F,J,454.73,193.5,101,40,8.80,20.67,
22_LM_C_0709,1,LM-15-060,Health,Krufning,early,2015,10,4,M,J,466,183,88,42,9.01,22.95,
22_LM_C_0703,1,LM-15-061,Health,Krufning,early,2015,10,2,F,J,434,174,89,37,8.53,21.26,
22_LM_C_0730,1,LM-15-063,Health,Krufning,early,2015,10,2,M,A,516.4,174,83,40,7.75,22.99,
22_LM_C_0704,1,LM-15-067,Health,Krufning,early,2015,10,3,M,A,513,174,88,37.5,7.31,21.55,
22_LM_C_0726,1,LM-15-072,Health,Krufning,early,2015,9,30,M,J,504.39,190,94,43,8.53,22.63,
22_LM_C_0765,1,LM-15-073,Health,Krufning,early,2015,9,30,F,J,465.61,187,95,41,8.81,21.93,
22_LM_C_0766,1,LM-15-077,Health,Krufning,early,2015,10,2,F,J,418.72,191.5,92,44.5,10.63,23.24,
22_LM_C_0784,1,LM-15-080,Health,Krufning,early,2015,9,30,M,A,537.5,206.5,99,48,8.93,23.24,
22_LM_C_0695,2,LM-15-081,Health,Krufning,early,2015,9,30,M,A,508,191.5,92,44,8.66,22.98,
22_LM_C_0701,1,LM-15-084,Health,Krufning,early,2015,10,1,F,A,523.52,175,88,38,7.26,21.71,
22_LM_C_0702,1,LM-15-086,Health,Krufning,early,2015,10,1,F,A,458,174,85,39,8.52,22.41,
22_LM_C_0734,2,LM-15-098,Health,Krufning,early,2015,10,2,F,J,411.56,176.5,89,38.5,9.35,21.81,
22_LM_C_0735,1,LM-15-099,Health,Krufning,early,2015,10,2,M,J,555.31,204,109,41,7.38,20.10,
22_LM_C_0736,1,LM-15-107,Health,Krufning,early,2015,10,3,F,J,433.3,184,95,39,9.00,21.20,
22_LM_C_0737,1,LM-15-108,Health,Krufning,early,2015,10,3,M,J,477.04,181.5,96,37.5,7.86,20.66,
22_LM_C_0738,1,LM-15-110,Health,Krufning,early,2015,9,30,M,A,488,178,92,37.5,7.68,21.07,
22_LM_C_0750,2,LM-15-111,Health,Krufning,early,2015,9,30,M,A,556,190,97,40.5,7.28,21.32,
22_LM_C_0752,1,LM-15-112,Health,Krufning,early,2015,10,1,M,A,502.51,193.5,100.5,41,8.16,21.19,
22_LM_C_0731,1,LM-15-113,Health,Krufning,early,2015,10,1,F,A,511,183.5,93,40,7.83,21.80,
22_LM_C_0729,1,LM-15-118,Health,Krufning,early,2015,10,2,F,A,458,158.5,82,33,7.21,20.82,
22_LM_C_0741,1,LM-15-119,Health,Krufning,early,2015,10,2,M,A,511.49,190.5,97,41,8.02,21.52,
22_LM_C_0747,1,LM-15-120,Health,Krufning,early,2015,9,30,F,J,469.19,185,98,38,8.10,20.54,
22_LM_C_0722,1,LM-15-123,Health,Krufning,early,2015,10,1,M,J,525.92,196,95,45,8.56,22.96,
22_LM_C_0723,1,LM-15-125,Health,Krufning,early,2015,10,1,M,A,540.07,170,85,37,6.85,21.76,
22_LM_C_0724,1,LM-15-133,Health,Krufning,early,2015,10,2,F,A,484.39,174.5,92,35.5,7.33,20.34,
22_LM_C_0725,1,LM-15-135,Health,Krufning,early,2015,10,2,M,A,483.15,181,91,39.5,8.18,21.82,
22_LM_C_0711,1,LM-15-138,Health,Krufning,early,2015,10,3,F,J,453.87,190,92.5,42.5,9.36,22.37,
22_LM_C_0732,1,LM-15-139,Health,Krufning,early,2015,10,3,M,J,485,176,90,38,7.84,21.59,
22_LM_C_0733,1,LM-15-144,Health,Krufning,early,2015,9,30,M,A,526,183,92,40,7.60,21.86,
22_LM_C_0781,1,LM-15-150,Health,Krufning,early,2015,10,1,M,A,515.38,166,88,34,6.60,20.48,
22_LM_C_0774,1,LM-15-152,Health,Krufning,early,2015,10,1,F,A,489.5,184,97,38.5,7.87,20.92,
22_LM_C_0773,1,LM-15-155,Health,Krufning,early,2015,10,1,F,J,450,182.5,96,38,8.44,20.82,
22_LM_C_0775,1,LM-15-174,Health,Krufning,early,2015,10,2,M,J,465.33,183.5,91,40.5,8.70,22.07,
22_LM_C_0778,1,LM-15-178,Health,Krufning,early,2015,10,2,F,J,425.22,177.5,89,39,9.17,21.97,
22_LM_C_0777,1,LM-15-180,Health,Krufning,early,2015,10,2,M,A,451.71,168.5,87,35.5,7.86,21.07,
22_LM_C_0780,1,LM-15-185,Health,Krufning,early,2015,10,3,F,J,458.88,190,97,41,8.93,21.58,
22_LM_C_0776,1,LM-15-190,Health,Krufning,early,2015,10,2,F,A,431.72,163.5,85,34.5,7.99,21.10,
22_LM_C_0783,1,LM-15-194,Health,Krufning,early,2015,10,3,F,A,485.18,182.5,98,36.5,7.52,20.00,
22_LM_C_0764,1,LM-15-197,Health,Krufning,early,2015,10,3,M,J,486.51,197.5,95,45.5,9.35,23.04,
22_LM_C_0767,1,LM-15-199,Health,Krufning,early,2015,10,3,M,J,506.41,193,97,42.5,8.39,22.02,
22_LM_C_0744,1,LM-15-201,Health,Krufning,early,2015,10,3,F,A,487.037,182.5,97,37.5,7.70,20.55,
22_LM_C_0742,1,LM-15-202,Health,Krufning,early,2015,10,3,M,J,527.29,191.5,95,42.5,8.06,22.19,
22_LM_C_0748,1,LM-15-205,Health,Krufning,early,2015,10,4,M,A,487,180.5,92,38.5,7.91,21.33,
22_LM_C_0739,2,LM-15-209,Health,Krufning,early,2015,10,4,M,J,476.27,194,94.5,44.5,9.34,22.94,
22_LM_C_0743,1,LM-15-210,Health,Krufning,early,2015,10,3,F,A,459.88,178,89,39,8.48,21.91,
22_LM_C_0713,1,LM-15-212,Health,Krufning,early,2015,10,3,F,A,445.86,172.5,90,35.5,7.96,20.58,
22_LM_C_0712,1,LM-15-214,Health,Krufning,early,2015,10,3,F,J,467,186.5,94,40.5,8.67,21.72,
22_LM_C_0721,1,LM-15-215,Health,Krufning,early,2015,10,3,M,J,499.32,200.5,101.5,44,8.81,21.95,
22_LM_C_0754,1,LM-15-219,Health,Krufning,early,2015,10,3,F,J,489.89,189.5,90,44,8.98,23.22,
22_LM_C_0755,1,LM-15-221,Health,Krufning,early,2015,10,4,F,J,434.26,174,92,35.5,8.17,20.40,
22_LM_C_0756,1,LM-15-222,Health,Krufning,early,2015,10,4,F,J,467.8,191.5,95,43,9.19,22.45,
22_LM_C_0762,1,LM-15-226,Health,Krufning,early,2015,10,4,F,J,433.24,170.5,88,36,8.31,21.11,
22_LM_C_0763,1,LM-15-240,Health,Krufning,early,2015,10,4,F,A,515.05,174,84,40,7.77,22.99,
22_LM_C_0746,1,LM-15-244,Health,Krufning,early,2015,10,4,F,J,440.27,176.5,93,36.5,8.29,20.68,
22_LM_C_0745,1,LM-15-248,Health,Krufning,early,2015,10,4,F,J,414.45,177,85.5,40.5,9.77,22.88,
22_LM_C_0740,1,LM-15-249,Health,Krufning,early,2015,10,4,F,A,468.45,170,89,35,7.47,20.59,
22_LM_C_0749,1,LM-15-251,Health,Krufning,early,2015,10,4,M,J,472.83,197,97,44.5,9.41,22.59,
22_LM_C_0768,1,LM-15-252,Health,Krufning,early,2015,10,4,F,J,480.88,197.5,101,42.5,8.84,21.52,
22_LM_C_0757,1,LM-15-255,Health,Krufning,early,2015,10,4,M,J,508.26,193,98,42,8.26,21.76,
22_LM_C_0770,1,LM-15-257,Health,Krufning,early,2015,10,4,M,J,498,200.5,95,47,9.44,23.44,
22_LM_C_0769,1,LM-15-258,Health,Krufning,early,2015,10,4,F,J,471.75,187,95,41,8.69,21.93,
22_LM_C_0753,2,LM-15-300,Health,Krufning,early,2015,10,4,M,J,506.43,177.5,89,39,7.70,21.97,
22_LM_C_0859,1,LM-16-010,Health,Krufning,early,2016,9,30,M,A,471,163,77,37,7.86,22.70,
22_LM_C_0861,1,LM-16-013,Health,Krufning,early,2016,9,30,F,J,515,208,101,47.5,9.22,22.84,
22_LM_C_0853,1,LM-16-014,Health,Krufning,early,2016,9,30,F,A,426.57,173.5,88.5,37,8.67,21.33,
22_LM_C_0854,1,LM-16-023,Health,Krufning,early,2016,10,1,M,A,502.14,188,95,40.5,8.07,21.54,
22_LM_C_0852,1,LM-16-028,Health,Krufning,early,2016,10,2,M,A,514.15,191.5,94,43,8.36,22.45,
22_LM_C_0851,1,LM-16-031,Health,Krufning,early,2016,10,1,M,A,526,183,91,40,7.60,21.86,
22_LM_C__0822,1,LM-16-036,Health,Krufning,early,2016,10,2,M,J,486.04,194,88,47,9.67,24.23,
22_LM_C_0862,1,LM-16-038,Health,Krufning,early,2016,10,2,M,J,522.72,194.5,96,43,8.23,22.11,
22_LM_C_0860,1,LM-16-041,Health,Krufning,early,2016,9,30,F,J,456.79,183,89,41.5,9.09,22.68,
22_LM_C_0846,1,LM-16-045,Health,Krufning,early,2016,9,30,F,J,458.78,196.5,94,45.5,9.92,23.16,
22_LM_C_0837,1,LM-16-046,Health,Krufning,early,2016,9,30,F,A,439.98,182.5,92,39,8.86,21.37,
22_LM_C_0866,1,LM-16-047,Health,Krufning,early,2016,9,30,M,A,535.76,181.5,93,39,7.28,21.49,
22_LM_C_0823,1,LM-16-066,Health,Krufning,early,2016,9,30,M,J,516,189,92,43,8.33,22.75,
22_LM_C_0865,1,LM-16-077,Health,Krufning,early,2016,10,1,F,A,490.16,174.5,86,39,7.96,22.35,
22_LM_C_0848,1,LM-16-078,Health,Krufning,early,2016,10,1,F,J,437.78,184.11,87,43,9.82,23.36,
22_LM_C_0803,1,LM-16-083,Health,Krufning,early,2016,10,1,M,A,558.49,169,87,35,6.27,20.71,
22_LM_C_0804,1,LM-16-092,Health,Krufning,early,2016,10,2,F,J,448.11,183,94,39,8.70,21.31,1 - very thin
22_LM_C_0805,1,LM-16-109,Health,Krufning,early,2016,10,1,F,A,468.37,168,85,36,7.69,21.43,
22_LM_C_0819,1,LM-16-133,Health,Krufning,early,2016,9,30,M,A,540.64,193,94,44,8.14,22.80,
22_LM_C_0845,1,LM-16-134,Health,Krufning,early,2016,9,30,F,A,459.95,189,96.5,40,8.70,21.16,
22_LM_C_0844,1,LM-16-140,Health,Krufning,early,2016,10,1,M,A,504.03,176.5,88,38,7.54,21.53,1 - shot up
22_LM_C_0843,1,LM-16-148,Health,Krufning,early,2016,10,2,M,A,501.68,177.5,90,38,7.57,21.41,
22_LM_C_0858,1,LM-16-157,Health,Krufning,early,2016,10,3,F,A,462,179,88,39.5,8.55,22.07,
22_LM_C_0857,1,LM-16-158,Health,Krufning,early,2016,10,4,F,J,487.15,193.5,93,44,9.03,22.74,
22_LM_C_0855,1,LM-16-159,Health,Krufning,early,2016,10,4,F,J,449.02,185,90,42,9.35,22.70,
22_LM_C_0856,1,LM-16-161,Health,Krufning,early,2016,9,30,M,A,530.95,180.5,87,41,7.72,22.71,
22_LM_C_0834,1,LM-16-165,Health,Krufning,early,2016,10,1,M,A,539.77,175,89,37,6.85,21.14,
22_LM_C_0836,1,LM-16-184,Health,Krufning,early,2016,10,2,M,J,514.57,191.5,96,41.5,8.06,21.67,
22_LM_C_0835,1,LM-16-185,Health,Krufning,early,2016,10,2,M,J,527.32,192,90,45,8.53,23.44,
22_LM_C_0833,1,LM-16-187,Health,Krufning,early,2016,10,2,F,A,471.68,161,82,34,7.21,21.12,
22_LM_C_0832,1,LM-16-188,Health,Krufning,early,2016,10,3,M,J,511,192,94,43.5,8.51,22.66,
22_LM_C_0849,1,LM-16-189,Health,Krufning,early,2016,10,3,F,J,436,181,92,38.5,8.83,21.27,
22_LM_C_0847,1,LM-16-191,Health,Krufning,early,2016,9,30,M,A,482.73,176,90,37.5,7.77,21.31,
22_LM_C_0842,1,LM-16-211,Health,Krufning,early,2016,10,3,M,A,516.33,172.5,86,38,7.36,22.03,
22_LM_C_0820,1,LM-16-212,Health,Krufning,early,2016,10,4,M,J,497.81,181.5,88,41,8.24,22.59,
22_LM_C_0821,1,LM-16-215,Health,Krufning,early,2016,10,4,F,J,468,197,94,46,9.83,23.35,
22_LM_C_0760,1,LM-16-216,Health,Krufning,early,2016,10,4,M,A,530.08,192,95,43,8.11,22.40,
22_LM_C_0799,1,LM-16-218,Health,Krufning,early,2016,10,4,M,J,487.02,186.5,89,43.5,8.93,23.32,
22_LM_C_0800,1,LM-16-223,Health,Krufning,early,2016,10,1,F,A,455.18,176.5,87,38.5,8.46,21.81,
22_LM_C_0798,1,LM-16-234,Health,Krufning,early,2016,10,1,F,J,412.25,172.5,85,38.5,9.34,22.32,
22_LM_C_0787,1,LM-16-235,Health,Krufning,early,2016,10,1,M,A,526.64,174,85,39,7.41,22.41,
22_LM_C_0793,1,LM-16-248,Health,Krufning,early,2016,10,1,F,A,477.99,176.5,86,40.5,8.47,22.95,
22_LM_C_0797,1,LM-16-250,Health,Krufning,early,2016,10,1,M,A,513.73,185,92,40.5,7.88,21.89,
22_LM_C_0759,1,LM-16-251,Health,Krufning,early,2016,10,2,M,A,526.02,179.5,94,37.5,7.13,20.89,
22_LM_C_0792,1,LM-16-257,Health,Krufning,early,2016,10,2,M,J,497.3,196,98.5,43,8.65,21.94,
22_LM_C_0816,1,LM-16-258,Health,Krufning,early,2016,10,3,M,J,531.27,190,88,45,8.47,23.68,
22_LM_C_0791,1,LM-16-260,Health,Krufning,early,2016,10,3,M,A,528.94,192.5,95,43,8.13,22.34,
22_LM_C_0785,1,LM-16-262,Health,Krufning,early,2016,10,2,F,J,426.09,186.5,90,43,10.09,23.06,
22_LM_C_0790,1,LM-16-264,Health,Krufning,early,2016,10,3,F,A,509.14,188.5,88,44,8.64,23.34,
22_LM_C_0818,1,LM-16-268,Health,Krufning,early,2016,10,3,M,J,526,184,91,40.5,7.70,22.01,
22_LM_C_0788,1,LM-16-270,Health,Krufning,early,2016,10,3,M,J,519,190.5,93,43,8.29,22.57,
22_LM_C_0786,1,LM-16-278,Health,Krufning,early,2016,10,2,F,J,480.45,187.5,90,43,8.95,22.93,
22_LM_C_0796,1,LM-16-284,Health,Krufning,early,2016,10,3,M,A,517,174.5,90,37,7.16,21.20,
22_LM_C_0795,1,LM-16-285,Health,Krufning,early,2016,10,3,M,J,535.37,180,89,39.5,7.38,21.94,
22_LM_C_0794,1,LM-16-286,Health,Krufning,early,2016,10,3,M,A,499.23,,,35,7.01,,
22_LM_C_0789,1,LM-16-294,Health,Krufning,early,2016,10,4,F,J,413.58,187.5,93,42,10.16,22.40,
22_LM_C_0850,1,LM-16-296,Health,Krufning,early,2016,10,4,F,A,488.51,187,93,41,8.39,21.93,
22_LM_C_0838,1,LM-16-297,Health,Krufning,early,2016,10,4,F,J,455.59,185,89,42.5,9.33,22.97,
22_LM_C_0815,1,LM-16-298,Health,Krufning,early,2016,10,4,M,J,519.39,182.5,91,40,7.70,21.92,
22_LM_C_0841,1,LM-16-299,Health,Krufning,early,2016,10,4,F,A,471.24,,,40,8.49,,
22_LM_C_0831,1,LM-16-301,Health,Krufning,early,2016,10,4,M,J,491.47,181.5,91,40,8.14,22.04,
22_LM_C_0828,1,LM-16-304,Health,Krufning,early,2016,10,4,F,A,470.74,193.5,91,46,9.77,23.77,
22_LM_C_0830,1,LM-16-306,Health,Krufning,early,2016,10,4,M,J,475.8,208,99,49,10.30,23.56,
22_LM_C_0826,1,LM-16-307,Health,Krufning,early,2016,10,4,F,J,435.84,186.5,91,42,9.64,22.52,
22_LM_C_0802,1,LM-16-311,Health,Krufning,early,2016,10,3,M,J,489.58,190.5,93,43,8.78,22.57,
22_LM_C_0801,2,LM-16-314,Health,Krufning,early,2016,10,4,F,J,498.06,196,92,46.5,9.34,23.72,
22_LM_C_0813,1,LM-16-317,Health,Krufning,early,2016,10,4,M,J,540.19,204,100,46,8.52,22.55,
22_LM_C_0812,1,LM-16-321,Health,Krufning,early,2016,10,3,F,J,464.67,192.5,99,41,8.82,21.30,
22_LM_C_0840,1,LM-16-322,Health,Krufning,early,2016,10,3,F,J,384.67,183,92,39,10.14,21.31,
22_LM_C_0811,1,LM-16-323,Health,Krufning,early,2016,10,3,F,J,474.1,192,93,44,9.28,22.92,
22_LM_C_0825,1,LM-16-324,Health,Krufning,early,2016,10,3,M,A,545.47,174.5,83,39.5,7.24,22.64,
22_LM_C_0814,1,LM-16-326,Health,Krufning,early,2016,10,3,M,J,515.39,183,89,41,7.96,22.40,
22_LM_C_0824,1,LM-16-327,Health,Krufning,early,2016,10,3,F,J,452.81,186,88,44,9.72,23.66,
22_LM_C_0827,1,LM-16-330,Health,Krufning,early,2016,10,3,M,A,481.12,178.5,84,42,8.73,23.53,
22_LM_C_0761,2,LM-16-339,Health,Krufning,early,2016,10,4,M,J,456.88,175,88,38,8.32,21.71,
22_LM_C_0839,1,LM-16-346,Health,Krufning,early,2016,10,4,F,J,488,197,97,44,9.02,22.34,
22_LM_C_0829,1,LM-16-347,Health,Krufning,early,2016,10,4,F,A,449.14,178,90,38.5,8.57,21.63,
22_LM_C_0817,1,LM-16-351,Health,Krufning,early,2016,10,4,F,J,464.58,192,93,44,9.47,22.92,
22_LM_C_0810,1,LM-16-363,Health,Krufning,early,2016,10,3,F,A,490.24,189,91,43,8.77,22.75,
22_LM_C_0809,1,LM-16-366,Health,Krufning,early,2016,10,3,F,A,468.45,175,87,38.5,8.22,22.00,
22_LM_C_0807,1,LM-16-373,Health,Krufning,early,2016,10,3,M,A,514.3,183,90,40.5,7.87,22.13,
22_LM_C_0806,1,LM-16-374,Health,Krufning,early,2016,10,4,M,J,511,204,100,46,9.00,22.55,
22_LM_C_0808,1,LM-16-375,Health,Krufning,early,2016,10,4,M,J,539.93,195.5,99,43,7.96,21.99,
22_LM_C_0874,1,LM-17-001,Health,Krufning,early,2017,9,30,F,A,443.54,173.5,86,37.5,8.45,21.61,
22_LM_C_0872,2,LM-17-003,Health,Krufning,early,2017,9,30,F,A,462.33,163.5,85,34,7.35,20.80,
22_LM_C_0873,1,LM-17-016,Health,Krufning,early,2017,10,1,M,J,492,186.5,92,42,8.54,22.52,
22_LM_C_0924,1,LM-17-034,Health,Krufning,early,2017,9,30,F,A,491.24,172,85,37.5,7.63,21.80,
22_LM_C_0940,1,LM-17-050,Health,Krufning,early,2017,10,1,F,J,473.93,182,96,38,8.02,20.88,
22_LM_C_0932,1,LM-17-053,Health,Krufning,early,2017,10,2,M,J,557.54,182.5,92,40,7.17,21.92,
22_LM_C_0938,1,LM-17-057,Health,Krufning,early,2017,10,2,M,A,557.22,,,37,6.64,,
22_LM_C_0941,1,LM-17-058,Health,Krufning,early,2017,10,2,M,J,515.75,178.5,91,38,7.37,21.29,
22_LM_C_0939,,LM-17-061,Health,Krufning,early,2017,10,2,F,J,441.21,173,82,40.5,9.18,23.41,
22_LM_C_0933,2,LM-17-063,Health,Krufning,early,2017,10,2,M,A,524.02,174,89,37,7.06,21.26,
22_LM_C_0913,1,LM-17-064,Health,Krufning,early,2017,10,2,M,J,524.47,179,88,40,7.63,22.35,
22_LM_X_0914,1,LM-17-065,Health,Krufning,early,2017,10,2,M,J,585.01,204,102,45,7.69,22.06,
22_LM_C_0920,1,LM-17-066,Health,Krufning,early,2017,10,2,F,J,481.02,196.5,93.5,46,9.56,23.41,
22_LM_C_0921,1,LM-17-067,Health,Krufning,early,2017,10,3,M,J,496.07,188.5,95.5,40.5,8.16,21.49,
22_LM_C_0898,1,LM-17-071,Health,Krufning,early,2017,10,2,M,A,521.47,167.5,87,34.5,6.62,20.60,
22_LM_C_0899,2,LM-17-073,Health,Krufning,early,2017,10,2,M,J,500.87,184.5,87,43,8.59,23.31,
22_LM_C_0908,1,LM-17-074,Health,Krufning,early,2017,10,2,F,J,465.29,181,92.5,39,8.38,21.55,
22_LM_C_0909,1,LM-17-075,Health,Krufning,early,2017,10,2,F,J,524.31,185.5,89.5,43,8.20,23.18,
22_LM_C_0894,1,LM-17-077,Health,Krufning,early,2017,10,2,F,J,486.26,184.5,88,42.5,8.74,23.04,
22_LM_C_0893,1,LM-17-083,Health,Krufning,early,2017,10,3,M,J,527.09,177.5,88.5,39,7.40,21.97,
22_LM_C_0945,1,LM-17-087,Health,Krufning,early,2017,10,3,F,J,447.25,163.5,83,34.5,7.71,21.10,
22_LM_C_0922,1,LM-17-088,Health,Krufning,early,2017,10,3,M,J,469,179.5,90,39.5,8.42,22.01,
22_LM_C_0946,1,LM-17-089,Health,Krufning,early,2017,10,3,M,A,502.33,164,84,35,6.97,21.34,
22_LM_C_0947,1,LM-17-090,Health,Krufning,early,2017,10,3,M,A,486.32,161.5,85.5,32,6.58,19.81,
22_LM_C_0948,1,LM-17-096,Health,Krufning,early,2017,10,1,F,A,494,163.5,83,35,7.09,21.41,
22_LM_C_0931,1,LM-17-097,Health,Krufning,early,2017,10,1,F,J,489.48,180,91,38.5,7.87,21.39,
22_LM_C_0930,1,LM-17-098,Health,Krufning,early,2017,10,2,M,J,505.72,181,89.5,40.5,8.01,22.38,
22_LM_C_0929,1,LM-17-103,Health,Krufning,early,2017,10,2,M,J,501.07,181,88,41,8.18,22.65,
22_LM_C_0928,1,LM-17-104,Health,Krufning,early,2017,10,2,F,A,438.83,163.5,81.5,36,8.20,22.02,
22_LM_C_0955,,LM-17-111,Health,Krufning,early,2017,10,2,M,J,510,185,88,42,8.24,22.70,
22_LM_C_0937,1,LM-17-113,Health,Krufning,early,2017,10,3,M,J,476.22,191,92,43.5,9.13,22.77,
22_LM_C_0927,1,LM-17-134,Health,Krufning,early,2017,9,30,M,A,524,190,94,42,8.02,22.11,
22_LM_C_0935,,LM-17-141,Health,Krufning,early,2017,9,30,M,A,523.15,169,81,38,7.26,22.49,
22_LM_C_0934,1,LM-17-142,Health,Krufning,early,2017,9,30,M,J,518.7,194,93,44.5,8.58,22.94,
22_LM_C_0923,1,LM-17-149,Health,Krufning,early,2017,9,30,F,A,445.17,170.5,84,37.5,8.42,21.99,
22_LM_C_0936,1,LM-17-152,Health,Krufning,early,2017,9,30,F,J,482.76,191.5,93,43.5,9.01,22.72,
22_LM_C_0956,,LM-17-157,Health,Krufning,early,2017,10,1,M,A,481.67,175.5,87,38.5,7.99,21.94,
22_LM_C_0957,1,LM-17-158,Health,Krufning,early,2017,10,1,M,J,509.34,193,87,46.5,9.13,24.09,
22_LM_C_0958,1,LM-17-162,Health,Krufning,early,2017,9,30,M,J,501.69,181.5,88.5,40.5,8.07,22.31,
22_LM_C_0889,1,LM-17-169,Health,Krufning,early,2017,9,30,F,J,518.24,187.5,94,41,7.91,21.87,
22_LM_C_0911,1,LM-17-170,Health,Krufning,early,2017,9,30,M,A,525.03,159,86,31,5.90,19.50,
22_LM_C_0882,1,LM-17-173,Health,Krufning,early,2017,9,30,M,J,523.23,194,91,45.5,8.70,23.45,
22_LM_C_0896,1,LM-17-175,Health,Krufning,early,2017,9,30,M,A,556.88,178.5,92,37.5,6.73,21.01,
22_LM_C_0910,1,LM-17-181,Health,Krufning,early,2017,9,30,M,A,476.33,165.5,85,34.5,7.24,20.85,
22_LM_C_0897,1,LM-17-183,Health,Krufning,early,2017,9,30,M,A,493.04,153.5,79.5,31.5,6.39,20.52,
22_LM_C_0900,1,LM-17-187,Health,Krufning,early,2017,9,30,M,A,513.49,173.5,91,35.5,6.91,20.46,
22_LM_C_0906,1,LM-17-191,Health,Krufning,early,2017,9,30,M,A,500.18,168,89,34,6.80,20.24,
22_LM_C_0907,1,LM-17-194,Health,Krufning,early,2017,10,1,F,A,463.76,,,,,,
22_LM_C_0891,1,LM-17-195,Health,Krufning,early,2017,10,1,M,A,545.02,171,84,38,6.97,22.22,
22_LM_C_0892,1,LM-17-201,Health,Krufning,early,2017,10,1,F,J,474.2,184,91,41,8.65,22.28,
22_LM_C_0883,1,LM-17-202,Health,Krufning,early,2017,10,1,F,J,457.05,178,90.5,38,8.31,21.35,
22_LM_C_0895,2,LM-17-204,Health,Krufning,early,2017,10,1,M,J,527.06,185.5,89,42.5,8.06,22.91,
22_LM_C_0915,1,LM-17-205,Health,Krufning,early,2017,10,1,M,J,512.32,182.5,91,40,7.81,21.92,
22_LM_C_0917,1,LM-17-209,Health,Krufning,early,2017,10,1,M,J,523,182,88,41.5,7.93,22.80,
22_LM_C_0916,1,LM-17-211,Health,Krufning,early,2017,10,1,F,J,497,196,98.5,43,8.65,21.94,
22_LM_C_0918,1,LM-17-212,Health,Krufning,early,2017,10,1,F,A,501,161.5,84,33,6.59,20.43,
22_LM_C_0888,1,LM-17-215,Health,Krufning,early,2017,10,2,M,A,496,160,82,33.5,6.75,20.94,
22_LM_C_0887,1,LM-17-218,Health,Krufning,early,2017,10,2,M,A,496.92,169,86,36,7.24,21.30,
22_LM_C_0912,1,LM-17-223,Health,Krufning,early,2017,10,2,F,J,483.73,185.5,94,40,8.27,21.56,
22_LM_C_0890,1,LM-17-224,Health,Krufning,early,2017,10,2,F,J,483.65,174.5,83,40,8.27,22.92,
22_LM_C_0885,1,LM-17-225,Health,Krufning,early,2017,10,2,F,J,448.5,178,89,39,8.70,21.91,
22_LM_C_0886,1,LM-17-226,Health,Krufning,early,2017,10,2,M,A,518.19,163,81,36,6.95,22.09,
22_LM_C_0879,2,LM-17-227,Health,Krufning,early,2017,10,2,M,A,525.48,183,94,38.5,7.33,21.04,
22_LM_C_0880,2,LM-17-228,Health,Krufning,early,2017,10,3,F,J,509.78,181.5,89.5,40,7.85,22.04,
22_LM_C_0881,2,LM-17-230,Health,Krufning,early,2017,10,3,M,A,504.8,163,84,34,6.74,20.86,
22_LM_C_0864,1,LM-17-237,Health,Krufning,early,2017,10,3,M,A,568.03,180,84.5,42,7.39,23.33,
22_LM_C_0862,1,LM-17-238,Health,Krufning,early,2017,10,3,M,A,541.28,166.5,80,38,7.02,22.82,
22_LM_C_0877,1,LM-17-241,Health,Krufning,early,2017,10,2,F,J,496.85,181.5,87,41.5,8.35,22.87,
22_LM_C_0905,1,LM-17-242,Health,Krufning,early,2017,10,3,M,A,480,156,78.5,33.5,6.98,21.47,
22_LM_C_0901,2,LM-17-301,Health,Krufning,early,2017,10,3,M,J,485.07,170.5,82,38,7.83,22.29,
22_LM_C_0904,1,LM-17-302,Health,Krufning,early,2017,10,3,M,A,456.58,152,82,30,6.57,19.74,
22_LM_C_0903,1,LM-17-323,Health,Krufning,early,2017,10,3,F,J,482,182.5,88,41.5,8.61,22.74,
22_LM_C_0876,1,LM-17-324,Health,Krufning,early,2017,10,3,M,A,519.75,167,83.5,36,6.93,21.56,
22_LM_C_0902,1,LM-17-325,Health,Krufning,early,2017,10,2,M,A,516.47,162,82.5,35,6.78,21.60,
22_LM_C_0875,2,LM-17-329,Health,Krufning,early,2017,10,3,M,A,499.98,164.5,85,34,6.80,20.67,
22_LM_C_0878,1,LM-17-342,Health,Krufning,early,2017,10,3,F,J,494.86,186.5,90,42.5,8.59,22.79,
22_LM_C_0870,1,LM-17-343,Health,Krufning,early,2017,10,3,F,J,518.92,189.5,90,44,8.48,23.22,
22_LM_C_0867,1,LM-17-344,Health,Krufning,early,2017,10,3,F,A,421,171,84,38,9.03,22.22,
22_LM_C_0868,1,LM-17-347,Health,Krufning,early,2017,10,3,M,A,535.5,185.5,91,41.5,7.75,22.37,
22_LM_C_0884,1,LM-17-348,Health,Krufning,early,2017,10,3,F,A,503,177,88,39,7.75,22.03,
22_LM_C_0871,1,LM-17-349,Health,Krufning,early,2017,10,3,F,A,498.33,182,94,38,7.63,20.88,
22_LM_C_0869,1,LM-17-351,Health,Krufning,early,2017,10,3,M,A,508.21,169.5,83,37.5,7.38,22.12,
22_LM_C_0925,1,LM-18-001,Health,Krufning,early,2018,10,3,M,A,519.65,202,97,47,9.04,23.27,
22_LM_C_0978,1,LM-18-002,Health,Krufning,early,2018,10,3,F,J,517.6,197.5,88,48.5,9.37,24.56,
22_LM_C_0995,1,LM-18-003,Health,Krufning,early,2018,10,3,M,J,556.95,205.2,92,50.1,9.00,24.42,
22_LM_C_1500,,LM-18-004,Health,Krufning,early,2018,10,3,M,J,524.06,193.5,92,44,8.40,22.74,Practice - but still good
22_LM_C_1494,,LM-18-005,Health,Krufning,early,2018,10,3,M,J,525.65,195.5,92.5,45,8.56,23.02,Practice - but still good
22_LM_C_1493,,LM-18-007,Health,Krufning,early,2018,10,3,M,J,494.59,183.5,87,42.5,8.59,23.16,Practice - but still good
22_LM_C_0979,1,LM-18-008,Health,Krufning,early,2018,10,3,M,J,529.59,188.5,93.5,41.5,7.84,22.02,
22_LM_C_0982,1,LM-18-010,Health,Krufning,early,2018,10,3,M,A,528.19,173.5,87.5,37.5,7.10,21.61,
22_LM_C_0980,1,LM-18-011,Health,Krufning,early,2018,10,3,M,J,517.25,195,86.5,48,9.28,24.62,
22_LM_C_1490,,LM-18-012,Health,Krufning,early,2018,10,3,M,J,505.8,192,92,43.5,8.60,22.66,Practice - but still good
22_LM_C_1003,1,LM-18-013,Health,Krufning,early,2018,10,3,F,J,476.94,186,87.5,43.5,9.12,23.39,
22_LM_C_0998,,LM-18-014,Health,Krufning,early,2018,10,3,F,A,454,148,84.5,12,2.64,8.11,
22_LM_C_1489,,LM-18-016,Health,Krufning,early,2018,10,3,M,J,513,171,83.5,38.5,7.50,22.51,Practice - but still good
22_LM_C_0992,1,LM-18-018,Health,Krufning,early,2018,10,5,F,J,488.34,185.5,81.5,46,9.42,24.80,
22_LM_C_1000,2,LM-18-019,Health,Krufning,early,2018,10,5,M,A,556.16,195,93,44,7.91,22.56,
22_LM_C_1002,1,LM-18-021,Health,Krufning,early,2018,10,3,M,A,507.84,188,88,44,8.66,23.40,
22_LM_C_0997,1,LM-18-022,Health,Krufning,early,2018,10,3,F,J,483.55,181,88,40.5,8.38,22.38,
22_LM_C_1443,1,LM-18-023,Health,Krufning,early,2018,10,3,M,J,520.55,206.5,96.5,48.5,9.32,23.49,
22_LM_C_0999,1,LM-18-024,Health,Krufning,early,2018,10,3,M,J,549.6,196,88,47,8.55,23.98,
22_LM_C_1442,2,LM-18-025,Health,Krufning,early,2018,10,3,M,A,504.14,176.5,80,42,8.33,23.80,
22_LM_C_1010,1,LM-18-026,Health,Krufning,early,2018,10,3,M,J,503.3,198.5,87.5,49.5,9.84,24.94,
22_LM_C_1448,1,LM-18-027,Health,Krufning,early,2018,10,3,M,J,526.97,196.5,99.5,42.5,8.06,21.63,
22_LM_C_1447,1,LM-18-028,Health,Krufning,early,2018,10,3,M,J,524,182.5,84,43,8.21,23.56,
22_LM_C0944,1,LM-18-029,Health,Krufning,early,2018,10,3,M,J,586.44,178,87,39.5,6.74,22.19,
22_LM_C_1449,1,LM-18-030,Health,Krufning,early,2018,10,3,M,A,505.64,177,88,39,7.71,22.03,
22_LM_C_0996,1,LM-18-031,Health,Krufning,early,2018,10,3,M,A,504.53,174.5,82.5,40,7.93,22.92,
22_LM_C_1444,2,LM-18-032,Health,Krufning,early,2018,10,3,M,J,504.47,182,91,39.5,7.83,21.70,
1,,LM-18-033,Health,Krufning,early,2018,10,3,F,J,508.03,192,91.5,45,8.86,23.44,
22_LM_C_1446,2,LM-18-036,Health,Krufning,early,2018,10,3,M,J,569.75,182,88,41.5,7.28,22.80,
22_LM_C_0973,1,LM-18-037,Health,Krufning,early,2018,10,3,M,J,544.29,191,89.5,44.5,8.18,23.30,
22_LM_C_0994,1,LM-18-038,Health,Krufning,early,2018,10,3,M,J,501.46,185.5,90,41.5,8.28,22.37,
22_LM_C_0974,2,LM-18-039,Health,Krufning,early,2018,10,3,M,A,493.34,183.3,84.5,43.4,8.80,23.68,
22_LM_C_0975,1,LM-18-040,Health,Krufning,early,2018,10,3,M,A,514.65,180,81.5,43,8.36,23.89,
22_LM_C_1492,,LM-18-041,Health,Krufning,early,2018,10,5,M,J,489.48,182,86.5,42,8.58,23.08,Practice - but still good
22_LM_C_0993,1,LM-18-042,Health,Krufning,early,2018,10,5,F,J,436.69,189,91,43.5,9.96,23.02,
22_LM_C_0977,1,LM-18-044,Health,Krufning,early,2018,10,5,M,J,446.82,194.5,86,48.5,10.85,24.94,
22_LM_C_0953,1,LM-18-046,Health,Krufning,early,2018,10,5,F,J,505.81,187.5,94,41,8.11,21.87,"1 - "" best ever"""
22_LM_C_0954,1,LM-18-049,Health,Krufning,early,2018,10,5,M,J,489.32,209.5,98,49,10.01,23.39,
22_LM_C_0950,1,LM-18-050,Health,Krufning,early,2018,10,5,M,J,492.27,183,85,43,8.74,23.50,
22_LM_C_1499,,LM-18-051,Health,Krufning,early,2018,10,5,M,J,505.12,190,89.5,44,8.71,23.16,Practice - but still good
22_LM_C_0949,1,LM-18-052,Health,Krufning,early,2018,10,5,F,J,466.6,193.5,87,47,10.07,24.29,
22_LM_C_0988,1,LM-18-055,Health,Krufning,early,2018,10,5,F,A,402,172.5,86.5,37,9.20,21.45,
22_LM_C_0989,1,LM-18-056,Health,Krufning,early,2018,10,5,M,A,536.7,172,86.5,36.5,6.80,21.22,
22_LM_C_0990,1,LM-18-057,Health,Krufning,early,2018,10,5,M,A,566.17,183.5,90.5,40,7.07,21.80,
22_LM_C_1498,,LM-18-058,Health,Krufning,early,2018,10,5,M,J,474.57,190.5,91,44,9.27,23.10,Practice - but still good
22_LM_C_0991,1,LM-18-059,Health,Krufning,early,2018,10,5,M,A,498.8,181,85,42,8.42,23.20,
22_LM_C_0196,1,LM-18-061,Health,Krufning,early,2018,10,6,F,A,452,178.5,83.5,42,9.29,23.53,
22_LM_C_1001,1,LM-18-062,Health,Krufning,early,2018,10,6,M,J,500,197,91.5,47,9.40,23.86,
22_LM_C_0943,2,LM-18-063,Health,Krufning,early,2018,10,10,F,J,427.66,189.5,88,45,10.52,23.75,
22_LM_C_0942,1,LM-18-064,Health,Krufning,early,2018,10,10,F,A,486,178.5,85,40.5,8.33,22.69,
22_LM_C_1497,,LM-18-066,Health,Krufning,early,2018,10,10,M,J,471.96,164,79,37,7.84,22.56,Practice - but still good
22_LM_C_1496,,LM-18-067,Health,Krufning,early,2018,10,10,M,J,482.33,185,90,42,8.71,22.70,Practice - but still good
22_LM_C_0197,1,LM-18-069,Health,Krufning,early,2018,10,10,M,J,549.35,187,82.5,46,8.37,24.60,
22_LM_C_0981,2,LM-18-070,Health,Krufning,early,2018,10,10,M,J,539.05,187,87,44,8.16,23.53,
22_LM_C_0969,1,LM-18-072,Health,Krufning,early,2018,10,6,M,J,522.77,192.5,91,45,8.61,23.38,
22_LM_C_0970,2,LM-18-074,Health,Krufning,early,2018,10,6,M,J,517.04,192.5,93,43.5,8.41,22.60,
22_LM_C_0952,1,LM-18-075,Health,Krufning,early,2018,10,10,M,A,509.44,165,83,36,7.07,21.82,
22_LM_C_0972,1,LM-18-081,Health,Krufning,early,2018,10,10,F,J,508.07,202.5,94,48,9.45,23.70,
22_LM_C_0971,2,LM-18-083,Health,Krufning,early,2018,10,10,M,A,542.74,172,83,38,7.00,22.09,
22_LM_C_0961,1,LM-18-085,Health,Krufning,early,2018,10,10,M,J,543,198.5,93.5,47,8.66,23.68,
22_LM_C_0926,1,LM-18-086,Health,Krufning,early,2018,10,10,F,J,490.35,190.5,92.5,43,8.77,22.57,
22_LM_C_0967,1,LM-18-087,Health,Krufning,early,2018,10,10,M,J,545.29,196.5,91.5,46.5,8.53,23.66,
22_LM_C_09661,,LM-18-088,Health,Krufning,early,2018,10,10,M,A,503.98,173.5,86,38,7.54,21.90,
22_LM_C_0968,1,LM-18-090,Health,Krufning,early,2018,10,10,M,J,524.45,192,89,45,8.58,23.44,
22_LM_C_0951,,LM-18-091,Health,Krufning,early,2018,10,10,M,A,510.03,177,84,41,8.04,23.16,
22_LM_C_0960,2,LM-18-092,Health,Krufning,early,2018,10,10,F,J,506.6,196,90.5,47,9.28,23.98,
22_LM_C_0976,1,LM-18-094,Health,Krufning,early,2018,10,10,M,A,523.24,183.5,90.5,40.5,7.74,22.07,
22_LM_C_0959,1,LM-18-095,Health,Krufning,early,2018,10,10,M,A,546,169.5,84,37,6.78,21.83,
22_LM_C_0986,1,LM-18-096,Health,Krufning,early,2018,10,10,F,J,437.34,183,81.5,45.5,10.40,24.86,
22_LM_C_0985,1,LM-18-097,Health,Krufning,early,2018,10,10,F,J,515.04,176,86,39.5,7.67,22.44,
22_LM_C_1491,,LM-18-098,Health,Krufning,early,2018,10,10,M,J,546.32,190.5,92,43.5,7.96,22.83,Practice - but still good
22_LM_C_1495,,LM-18-099,Health,Krufning,early,2018,10,10,M,J,555,212.5,105.5,48,8.65,22.59,Practice - but still good
22_LM_C_0984,1,LM-18-100,Health,Krufning,early,2018,10,10,F,J,436.31,205,97,48,11.00,23.41,
,,,,,,,,,,,,,,,,,
,,,,,,,,,,,,,,,,,
,,,,,,,,,,,,,,,,,
,,,,,,,,,,,,,,,,,
,,,,,,,,,,,,,,,,,
,,,,,,,,,,,,,,,,,
,,,,,,,,,,,,,,,,,
,,,,,,,,,,,,,,,,,
,,,,,,,,,,,,,,,,,
,,,,,,,,,,,,,,,,,
,,,,,,,,,,,,,,,,,
,,,,,,,,,,,,,,,,,
,,,,,,,,,,,,,,,,,
,,,,,,,,,,,,,,,,,
,,,,,,,,,,,,,,,,,
,,,,,,,,,,,,,,,,,
,,,,,,,,,,,,,,,,,
,,,,,,,,,,,,,,,,,
,,,,,,,,,,,,,,,,,
,,,,,,,,,,,,,,,,,
,,,,,,,,,,,,,,,,,
,,,,,,,,,,,,,,,,,
,,,,,,,,,,,,,,,,,
,,,,,,,,,,,,,,,,,
,,,,,,,,,,,,,,,,,
,,,,,,,,,,,,,,,,,
,,,,,,,,,,,,,,,,,
,,,,,,,,,,,,,,,,,
,,,,,,,,,,,,,,,,,
,,,,,,,,,,,,,,,,,
,,,,,,,,,,,,,,,,,
,,,,,,,,,,,,,,,,,
,,,,,,,,,,,,,,,,,
,,,,,,,,,,,,,,,,,
,,,,,,,,,,,,,,,,,
,,,,,,,,,,,,,,,,,
,,,,,,,,,,,,,,,,,
,,,,,,,,,,,,,,,,,
,,,,,,,,,,,,,,,,,
,,,,,,,,,,,,,,,,,
,,,,,,,,,,,,,,,,,
,,,,,,,,,,,,,,,,,
,,,,,,,,,,,,,,,,,
,,,,,,,,,,,,,,,,,
,,,,,,,,,,,,,,,,,
,,,,,,,,,,,,,,,,,
,,,,,,,,,,,,,,,,,
,,,,,,,,,,,,,,,,,
,,,,,,,,,,,,,,,,,
,,,,,,,,,,,,,,,,,
,,,,,,,,,,,,,,,,,
,,,,,,,,,,,,,,,,,
,,,,,,,,,,,,,,,,,
,,,,,,,,,,,,,,,,,
,,,,,,,,,,,,,,,,,
,,,,,,,,,,,,,,,,,
,,,,,,,,,,,,,,,,,
,,,,,,,,,,,,,,,,,
,,,,,,,,,,,,,,,,,
,,,,,,,,,,,,,,,,,
,,,,,,,,,,,,,,,,,
,,,,,,,,,,,,,,,,,
,,,,,,,,,,,,,,,,,
,,,,,,,,,,,,,,,,,
,,,,,,,,,,,,,,,,,
,,,,,,,,,,,,,,,,,
,,,,,,,,,,,,,,,,,
,,,,,,,,,,,,,,,,,
,,,,,,,,,,,,,,,,,
,,,,,,,,,,,,,,,,,
,,,,,,,,,,,,,,,,,
,,,,,,,,,,,,,,,,,
,,,,,,,,,,,,,,,,,
,,,,,,,,,,,,,,,,,
,,,,,,,,,,,,,,,,,
,,,,,,,,,,,,,,,,,
,,,,,,,,,,,,,,,,,
,,,,,,,,,,,,,,,,,
,,,,,,,,,,,,,,,,,
,,,,,,,,,,,,,,,,,
,,,,,,,,,,,,,,,,,
,,,,,,,,,,,,,,,,,
,,,,,,,,,,,,,,,,,
,,,,,,,,,,,,,,,,,
,,,,,,,,,,,,,,,,,
,,,,,,,,,,,,,,,,,
,,,,,,,,,,,,,,,,,
,,,,,,,,,,,,,,,,,
,,,,,,,,,,,,,,,,,
,,,,,,,,,,,,,,,,,
,,,,,,,,,,,,,,,,,
,,,,,,,,,,,,,,,,,
,,,,,,,,,,,,,,,,,
,,,,,,,,,,,,,,,,,
,,,,,,,,,,,,,,,,,
,,,,,,,,,,,,,,,,,
,,,,,,,,,,,,,,,,,
,,,,,,,,,,,,,,,,,
,,,,,,,,,,,,,,,,,
,,,,,,,,,,,,,,,,,
,,,,,,,,,,,,,,,,,
,,,,,,,,,,,,,,,,,
,,,,,,,,,,,,,,,,,
,,,,,,,,,,,,,,,,,
,,,,,,,,,,,,,,,,,
,,,,,,,,,,,,,,,,,
,,,,,,,,,,,,,,,,,
,,,,,,,,,,,,,,,,,
,,,,,,,,,,,,,,,,,
,,,,,,,,,,,,,,,,,
,,,,,,,,,,,,,,,,,
,,,,,,,,,,,,,,,,,
,,,,,,,,,,,,,,,,,
,,,,,,,,,,,,,,,,,
,,,,,,,,,,,,,,,,,
,,,,,,,,,,,,,,,,,
,,,,,,,,,,,,,,,,,
,,,,,,,,,,,,,,,,,
,,,,,,,,,,,,,,,,,
,,,,,,,,,,,,,,,,,
,,,,,,,,,,,,,,,,,
,,,,,,,,,,,,,,,,,
,,,,,,,,,,,,,,,,,
,,,,,,,,,,,,,,,,,
,,,,,,,,,,,,,,,,,
,,,,,,,,,,,,,,,,,
,,,,,,,,,,,,,,,,,
,,,,,,,,,,,,,,,,,
,,,,,,,,,,,,,,,,,
,,,,,,,,,,,,,,,,,
,,,,,,,,,,,,,,,,,
,,,,,,,,,,,,,,,,,
,,,,,,,,,,,,,,,,,
,,,,,,,,,,,,,,,,,
,,,,,,,,,,,,,,,,,
,,,,,,,,,,,,,,,,,
,,,,,,,,,,,,,,,,,
,,,,,,,,,,,,,,,,,
,,,,,,,,,,,,,,,,,
,,,,,,,,,,,,,,,,,
,,,,,,,,,,,,,,,,,
,,,,,,,,,,,,,,,,,
,,,,,,,,,,,,,,,,,
,,,,,,,,,,,,,,,,,
,,,,,,,,,,,,,,,,,
,,,,,,,,,,,,,,,,,
,,,,,,,,,,,,,,,,,
,,,,,,,,,,,,,,,,,
,,,,,,,,,,,,,,,,,
,,,,,,,,,,,,,,,,,
,,,,,,,,,,,,,,,,,
,,,,,,,,,,,,,,,,,
,,,,,,,,,,,,,,,,,
,,,,,,,,,,,,,,,,,
,,,,,,,,,,,,,,,,,
,,,,,,,,,,,,,,,,,
,,,,,,,,,,,,,,,,,
,,,,,,,,,,,,,,,,,
,,,,,,,,,,,,,,,,,
,,,,,,,,,,,,,,,,,
,,,,,,,,,,,,,,,,,
,,,,,,,,,,,,,,,,,
,,,,,,,,,,,,,,,,,
,,,,,,,,,,,,,,,,,
,,,,,,,,,,,,,,,,,
,,,,,,,,,,,,,,,,,
,,,,,,,,,,,,,,,,,
,,,,,,,,,,,,,,,,,
,,,,,,,,,,,,,,,,,
,,,,,,,,,,,,,,,,,
,,,,,,,,,,,,,,,,,
,,,,,,,,,,,,,,,,,
,,,,,,,,,,,,,,,,,
,,,,,,,,,,,,,,,,,
,,,,,,,,,,,,,,,,,
,,,,,,,,,,,,,,,,,
,,,,,,,,,,,,,,,,,
,,,,,,,,,,,,,,,,,
,,,,,,,,,,,,,,,,,
,,,,,,,,,,,,,,,,,
,,,,,,,,,,,,,,,,,
,,,,,,,,,,,,,,,,,
,,,,,,,,,,,,,,,,,
,,,,,,,,,,,,,,,,,
,,,,,,,,,,,,,,,,,
,,,,,,,,,,,,,,,,,
,,,,,,,,,,,,,,,,,
,,,,,,,,,,,,,,,,,
,,,,,,,,,,,,,,,,,
,,,,,,,,,,,,,,,,,
,,,,,,,,,,,,,,,,,
,,,,,,,,,,,,,,,,,
,,,,,,,,,,,,,,,,,
,,,,,,,,,,,,,,,,,
,,,,,,,,,,,,,,,,,
,,,,,,,,,,,,,,,,,
,,,,,,,,,,,,,,,,,
,,,,,,,,,,,,,,,,,
,,,,,,,,,,,,,,,,,
,,,,,,,,,,,,,,,,,